Instance,Terminal,Layer,X location,Y location,Voltage
FILLER_31_190,VGND,li1,97.9800,97.9200,0.000000
FILLER_31_187,VGND,li1,96.8300,97.9200,0.000000
FILLER_31_184,VGND,li1,95.4500,97.9200,0.000000
FILLER_31_181,VGND,li1,94.0700,97.9200,0.000000
FILLER_31_178,VGND,li1,92.6900,97.9200,0.000000
FILLER_31_175,VGND,li1,91.3100,97.9200,0.000000
FILLER_31_172,VGND,li1,89.9300,97.9200,0.000000
FILLER_31_169,VGND,li1,88.5500,97.9200,0.000000
FILLER_31_165,VGND,li1,86.7100,97.9200,0.000000
FILLER_31_162,VGND,li1,85.3300,97.9200,0.000000
FILLER_31_159,VGND,li1,83.9500,97.9200,0.000000
FILLER_31_156,VGND,li1,82.5700,97.9200,0.000000
FILLER_31_153,VGND,li1,81.1900,97.9200,0.000000
FILLER_31_150,VGND,li1,79.8100,97.9200,0.000000
FILLER_31_147,VGND,li1,78.4300,97.9200,0.000000
FILLER_31_144,VGND,li1,77.0500,97.9200,0.000000
FILLER_31_141,VGND,li1,75.6700,97.9200,0.000001
FILLER_31_137,VGND,li1,73.8300,97.9200,0.000001
FILLER_31_134,VGND,li1,72.4500,97.9200,0.000001
FILLER_31_131,VGND,li1,71.0700,97.9200,0.000001
FILLER_31_128,VGND,li1,69.6900,97.9200,0.000001
FILLER_31_125,VGND,li1,68.3100,97.9200,0.000001
FILLER_31_122,VGND,li1,66.9300,97.9200,0.000001
FILLER_31_119,VGND,li1,65.5500,97.9200,0.000001
FILLER_31_116,VGND,li1,64.1700,97.9200,0.000001
FILLER_31_113,VGND,li1,62.7900,97.9200,0.000001
FILLER_31_110,VGND,li1,61.1800,97.9200,0.000001
FILLER_31_107,VGND,li1,60.0300,97.9200,0.000001
FILLER_31_88,VGND,li1,51.2900,97.9200,0.000001
FILLER_31_85,VGND,li1,49.9100,97.9200,0.000001
FILLER_31_81,VGND,li1,48.0700,97.9200,0.000001
FILLER_31_78,VGND,li1,46.6900,97.9200,0.000001
FILLER_31_75,VGND,li1,45.3100,97.9200,0.000001
FILLER_31_57,VGND,li1,36.8000,97.9200,0.000001
FILLER_31_54,VGND,li1,35.4200,97.9200,0.000001
FILLER_31_51,VGND,li1,34.2700,97.9200,0.000001
FILLER_31_41,VGND,li1,29.4400,97.9200,0.000001
FILLER_31_38,VGND,li1,28.2900,97.9200,0.000001
FILLER_31_35,VGND,li1,26.9100,97.9200,0.000001
FILLER_31_32,VGND,li1,25.5300,97.9200,0.000001
FILLER_31_29,VGND,li1,24.1500,97.9200,0.000001
FILLER_31_27,VGND,li1,22.7700,97.9200,0.000001
FILLER_31_24,VGND,li1,21.8500,97.9200,0.000001
FILLER_31_21,VGND,li1,20.4700,97.9200,0.000001
FILLER_31_18,VGND,li1,19.0900,97.9200,0.000001
FILLER_31_15,VGND,li1,17.7100,97.9200,0.000001
FILLER_31_12,VGND,li1,16.3300,97.9200,0.000001
FILLER_31_9,VGND,li1,14.9500,97.9200,0.000001
FILLER_31_6,VGND,li1,13.5700,97.9200,0.000001
FILLER_31_3,VGND,li1,12.1900,97.9200,0.000001
FILLER_30_189,VGND,li1,97.7500,92.4800,0.000003
FILLER_30_186,VGND,li1,96.3700,92.4800,0.000003
FILLER_30_183,VGND,li1,94.9900,92.4800,0.000003
FILLER_30_180,VGND,li1,93.6100,92.4800,0.000003
FILLER_30_177,VGND,li1,92.2300,92.4800,0.000003
FILLER_30_174,VGND,li1,90.8500,92.4800,0.000003
FILLER_30_171,VGND,li1,89.4700,92.4800,0.000003
FILLER_30_168,VGND,li1,88.0900,92.4800,0.000003
FILLER_30_165,VGND,li1,86.7100,92.4800,0.000003
FILLER_30_162,VGND,li1,85.3300,92.4800,0.000003
FILLER_30_159,VGND,li1,83.9500,92.4800,0.000003
FILLER_30_156,VGND,li1,82.5700,92.4800,0.000003
FILLER_30_153,VGND,li1,81.1900,92.4800,0.000003
FILLER_30_150,VGND,li1,79.8100,92.4800,0.000003
FILLER_30_147,VGND,li1,78.4300,92.4800,0.000003
FILLER_30_144,VGND,li1,77.0500,92.4800,0.000004
FILLER_30_141,VGND,li1,75.6700,92.4800,0.000004
FILLER_30_138,VGND,li1,74.0600,92.4800,0.000005
FILLER_30_135,VGND,li1,72.9100,92.4800,0.000006
FILLER_30_132,VGND,li1,71.5300,92.4800,0.000006
FILLER_30_129,VGND,li1,70.1500,92.4800,0.000007
FILLER_30_126,VGND,li1,68.7700,92.4800,0.000008
FILLER_30_123,VGND,li1,67.3900,92.4800,0.000008
FILLER_30_120,VGND,li1,66.0100,92.4800,0.000009
FILLER_30_117,VGND,li1,64.6300,92.4800,0.000009
FILLER_30_114,VGND,li1,63.2500,92.4800,0.000009
FILLER_30_111,VGND,li1,61.8700,92.4800,0.000010
FILLER_30_108,VGND,li1,60.4900,92.4800,0.000011
FILLER_30_105,VGND,li1,59.1100,92.4800,0.000011
FILLER_30_102,VGND,li1,57.7300,92.4800,0.000012
FILLER_30_99,VGND,li1,56.3500,92.4800,0.000012
FILLER_30_85,VGND,li1,49.6800,92.4800,0.000010
FILLER_30_53,VGND,li1,34.9600,92.4800,0.000011
FILLER_30_50,VGND,li1,33.8100,92.4800,0.000010
FILLER_30_47,VGND,li1,32.4300,92.4800,0.000010
FILLER_30_44,VGND,li1,31.0500,92.4800,0.000009
FILLER_30_41,VGND,li1,29.6700,92.4800,0.000008
FILLER_30_38,VGND,li1,28.2900,92.4800,0.000008
FILLER_30_35,VGND,li1,26.9100,92.4800,0.000007
FILLER_30_32,VGND,li1,25.5300,92.4800,0.000006
FILLER_30_29,VGND,li1,24.1500,92.4800,0.000006
FILLER_30_27,VGND,li1,22.7700,92.4800,0.000005
FILLER_30_24,VGND,li1,21.8500,92.4800,0.000005
FILLER_30_21,VGND,li1,20.4700,92.4800,0.000004
FILLER_30_18,VGND,li1,19.0900,92.4800,0.000004
FILLER_30_15,VGND,li1,17.7100,92.4800,0.000004
FILLER_30_12,VGND,li1,16.3300,92.4800,0.000004
FILLER_30_9,VGND,li1,14.9500,92.4800,0.000004
FILLER_30_6,VGND,li1,13.5700,92.4800,0.000004
FILLER_30_3,VGND,li1,12.1900,92.4800,0.000004
FILLER_29_190,VGND,li1,97.9800,92.4800,0.000003
FILLER_29_187,VGND,li1,96.8300,92.4800,0.000003
FILLER_29_184,VGND,li1,95.4500,92.4800,0.000003
FILLER_29_181,VGND,li1,94.0700,92.4800,0.000003
FILLER_29_178,VGND,li1,92.6900,92.4800,0.000003
FILLER_29_175,VGND,li1,91.3100,92.4800,0.000003
FILLER_29_172,VGND,li1,89.9300,92.4800,0.000003
FILLER_29_169,VGND,li1,88.5500,92.4800,0.000003
FILLER_29_167,VGND,li1,87.1700,92.4800,0.000003
FILLER_29_164,VGND,li1,86.2500,92.4800,0.000003
FILLER_29_161,VGND,li1,84.8700,92.4800,0.000003
FILLER_29_158,VGND,li1,83.4900,92.4800,0.000003
FILLER_29_155,VGND,li1,82.1100,92.4800,0.000003
FILLER_29_152,VGND,li1,80.7300,92.4800,0.000003
FILLER_29_149,VGND,li1,79.3500,92.4800,0.000003
FILLER_29_146,VGND,li1,77.9700,92.4800,0.000003
FILLER_29_143,VGND,li1,76.5900,92.4800,0.000004
FILLER_29_140,VGND,li1,75.2100,92.4800,0.000005
FILLER_29_137,VGND,li1,73.8300,92.4800,0.000005
FILLER_29_134,VGND,li1,72.4500,92.4800,0.000006
FILLER_29_131,VGND,li1,71.0700,92.4800,0.000007
FILLER_29_128,VGND,li1,69.6900,92.4800,0.000007
FILLER_29_125,VGND,li1,68.3100,92.4800,0.000008
FILLER_29_122,VGND,li1,66.9300,92.4800,0.000009
FILLER_29_119,VGND,li1,65.5500,92.4800,0.000009
FILLER_29_116,VGND,li1,64.1700,92.4800,0.000009
FILLER_29_113,VGND,li1,62.7900,92.4800,0.000010
FILLER_29_111,VGND,li1,61.4100,92.4800,0.000010
FILLER_29_91,VGND,li1,52.6700,92.4800,0.000011
FILLER_29_88,VGND,li1,51.2900,92.4800,0.000011
FILLER_29_85,VGND,li1,49.9100,92.4800,0.000010
FILLER_29_82,VGND,li1,48.5300,92.4800,0.000010
FILLER_29_79,VGND,li1,47.1500,92.4800,0.000010
FILLER_29_76,VGND,li1,45.7700,92.4800,0.000012
FILLER_29_57,VGND,li1,36.8000,92.4800,0.000012
FILLER_29_54,VGND,li1,35.4200,92.4800,0.000011
FILLER_29_51,VGND,li1,34.2700,92.4800,0.000011
FILLER_29_48,VGND,li1,32.8900,92.4800,0.000010
FILLER_29_45,VGND,li1,31.5100,92.4800,0.000009
FILLER_29_42,VGND,li1,30.1300,92.4800,0.000009
FILLER_29_39,VGND,li1,28.7500,92.4800,0.000008
FILLER_29_36,VGND,li1,27.3700,92.4800,0.000007
FILLER_29_33,VGND,li1,25.9900,92.4800,0.000007
FILLER_29_30,VGND,li1,24.6100,92.4800,0.000006
FILLER_29_27,VGND,li1,23.2300,92.4800,0.000005
FILLER_29_24,VGND,li1,21.8500,92.4800,0.000005
FILLER_29_21,VGND,li1,20.4700,92.4800,0.000004
FILLER_29_18,VGND,li1,19.0900,92.4800,0.000004
FILLER_29_15,VGND,li1,17.7100,92.4800,0.000004
FILLER_29_12,VGND,li1,16.3300,92.4800,0.000004
FILLER_29_9,VGND,li1,14.9500,92.4800,0.000004
FILLER_29_6,VGND,li1,13.5700,92.4800,0.000004
FILLER_29_3,VGND,li1,12.1900,92.4800,0.000004
FILLER_28_189,VGND,li1,97.7500,87.0400,0.000002
FILLER_28_186,VGND,li1,96.3700,87.0400,0.000002
FILLER_28_183,VGND,li1,94.9900,87.0400,0.000002
FILLER_28_180,VGND,li1,93.6100,87.0400,0.000002
FILLER_28_177,VGND,li1,92.2300,87.0400,0.000002
FILLER_28_174,VGND,li1,90.8500,87.0400,0.000002
FILLER_28_171,VGND,li1,89.4700,87.0400,0.000002
FILLER_28_168,VGND,li1,88.0900,87.0400,0.000002
FILLER_28_165,VGND,li1,86.7100,87.0400,0.000002
FILLER_28_162,VGND,li1,85.3300,87.0400,0.000002
FILLER_28_159,VGND,li1,83.9500,87.0400,0.000002
FILLER_28_156,VGND,li1,82.5700,87.0400,0.000002
FILLER_28_153,VGND,li1,81.1900,87.0400,0.000002
FILLER_28_150,VGND,li1,79.8100,87.0400,0.000002
FILLER_28_147,VGND,li1,78.4300,87.0400,0.000002
FILLER_28_144,VGND,li1,77.0500,87.0400,0.000003
FILLER_28_141,VGND,li1,75.6700,87.0400,0.000003
FILLER_28_137,VGND,li1,73.8300,87.0400,0.000003
FILLER_28_134,VGND,li1,72.4500,87.0400,0.000004
FILLER_28_131,VGND,li1,71.0700,87.0400,0.000004
FILLER_28_128,VGND,li1,69.6900,87.0400,0.000004
FILLER_28_125,VGND,li1,68.3100,87.0400,0.000005
FILLER_28_122,VGND,li1,66.9300,87.0400,0.000006
FILLER_28_119,VGND,li1,65.5500,87.0400,0.000006
FILLER_28_113,VGND,li1,62.7900,87.0400,0.000006
FILLER_28_110,VGND,li1,61.4100,87.0400,0.000007
FILLER_28_107,VGND,li1,60.0300,87.0400,0.000007
FILLER_28_88,VGND,li1,51.0600,87.0400,0.000005
FILLER_28_85,VGND,li1,49.9100,87.0400,0.000004
FILLER_28_82,VGND,li1,48.3000,87.0400,0.000003
FILLER_28_79,VGND,li1,47.1500,87.0400,0.000003
FILLER_28_76,VGND,li1,45.7700,87.0400,0.000003
FILLER_28_73,VGND,li1,44.3900,87.0400,0.000003
FILLER_28_70,VGND,li1,43.0100,87.0400,0.000003
FILLER_28_67,VGND,li1,41.6300,87.0400,0.000003
FILLER_28_64,VGND,li1,40.2500,87.0400,0.000003
FILLER_28_61,VGND,li1,38.8700,87.0400,0.000003
FILLER_28_58,VGND,li1,37.4900,87.0400,0.000003
FILLER_28_55,VGND,li1,36.1100,87.0400,0.000003
FILLER_28_52,VGND,li1,34.7300,87.0400,0.000002
FILLER_28_49,VGND,li1,33.3500,87.0400,0.000002
FILLER_28_46,VGND,li1,31.9700,87.0400,0.000002
FILLER_28_38,VGND,li1,28.0600,87.0400,0.000002
FILLER_28_35,VGND,li1,26.9100,87.0400,0.000002
FILLER_28_32,VGND,li1,25.5300,87.0400,0.000001
FILLER_28_29,VGND,li1,24.1500,87.0400,0.000001
FILLER_28_27,VGND,li1,22.7700,87.0400,0.000001
FILLER_28_24,VGND,li1,21.8500,87.0400,0.000001
FILLER_28_21,VGND,li1,20.4700,87.0400,0.000001
FILLER_28_18,VGND,li1,19.0900,87.0400,0.000001
FILLER_28_15,VGND,li1,17.7100,87.0400,0.000001
FILLER_28_12,VGND,li1,16.3300,87.0400,0.000001
FILLER_28_9,VGND,li1,14.9500,87.0400,0.000001
FILLER_28_6,VGND,li1,13.5700,87.0400,0.000001
FILLER_28_3,VGND,li1,12.1900,87.0400,0.000001
FILLER_27_190,VGND,li1,97.9800,87.0400,0.000002
FILLER_27_187,VGND,li1,96.8300,87.0400,0.000002
FILLER_27_184,VGND,li1,95.4500,87.0400,0.000002
FILLER_27_181,VGND,li1,94.0700,87.0400,0.000002
FILLER_27_178,VGND,li1,92.6900,87.0400,0.000002
FILLER_27_175,VGND,li1,91.3100,87.0400,0.000002
FILLER_27_172,VGND,li1,89.9300,87.0400,0.000002
FILLER_27_169,VGND,li1,88.5500,87.0400,0.000002
FILLER_27_166,VGND,li1,86.9400,87.0400,0.000002
FILLER_27_163,VGND,li1,85.7900,87.0400,0.000002
FILLER_27_160,VGND,li1,84.4100,87.0400,0.000002
FILLER_27_157,VGND,li1,83.0300,87.0400,0.000002
FILLER_27_154,VGND,li1,81.6500,87.0400,0.000002
FILLER_27_151,VGND,li1,80.2700,87.0400,0.000002
FILLER_27_148,VGND,li1,78.8900,87.0400,0.000002
FILLER_27_145,VGND,li1,77.5100,87.0400,0.000002
FILLER_27_142,VGND,li1,76.1300,87.0400,0.000003
FILLER_27_139,VGND,li1,74.7500,87.0400,0.000003
FILLER_27_136,VGND,li1,73.3700,87.0400,0.000004
FILLER_27_133,VGND,li1,71.9900,87.0400,0.000004
FILLER_27_130,VGND,li1,70.6100,87.0400,0.000004
FILLER_27_127,VGND,li1,69.2300,87.0400,0.000005
FILLER_27_124,VGND,li1,67.8500,87.0400,0.000005
FILLER_27_113,VGND,li1,62.3300,87.0400,0.000006
FILLER_27_111,VGND,li1,61.4100,87.0400,0.000007
FILLER_27_108,VGND,li1,60.4900,87.0400,0.000007
FILLER_27_105,VGND,li1,59.1100,87.0400,0.000007
FILLER_27_102,VGND,li1,57.7300,87.0400,0.000007
FILLER_27_99,VGND,li1,56.3500,87.0400,0.000007
FILLER_27_96,VGND,li1,54.9700,87.0400,0.000006
FILLER_27_93,VGND,li1,53.5900,87.0400,0.000006
FILLER_27_90,VGND,li1,52.2100,87.0400,0.000005
FILLER_27_87,VGND,li1,50.8300,87.0400,0.000005
FILLER_27_84,VGND,li1,49.4500,87.0400,0.000004
FILLER_27_81,VGND,li1,48.0700,87.0400,0.000003
FILLER_27_78,VGND,li1,46.6900,87.0400,0.000003
FILLER_27_75,VGND,li1,45.3100,87.0400,0.000003
FILLER_27_72,VGND,li1,43.9300,87.0400,0.000003
FILLER_27_69,VGND,li1,42.5500,87.0400,0.000003
FILLER_27_66,VGND,li1,41.1700,87.0400,0.000003
FILLER_27_63,VGND,li1,39.7900,87.0400,0.000003
FILLER_27_60,VGND,li1,38.4100,87.0400,0.000003
FILLER_27_57,VGND,li1,37.0300,87.0400,0.000003
FILLER_27_54,VGND,li1,35.4200,87.0400,0.000002
FILLER_27_51,VGND,li1,34.2700,87.0400,0.000002
FILLER_27_48,VGND,li1,32.8900,87.0400,0.000002
FILLER_27_45,VGND,li1,31.5100,87.0400,0.000002
FILLER_27_42,VGND,li1,30.1300,87.0400,0.000002
FILLER_27_39,VGND,li1,28.7500,87.0400,0.000002
FILLER_27_36,VGND,li1,27.3700,87.0400,0.000002
FILLER_27_33,VGND,li1,25.9900,87.0400,0.000002
FILLER_27_30,VGND,li1,24.6100,87.0400,0.000001
FILLER_27_27,VGND,li1,23.2300,87.0400,0.000001
FILLER_27_24,VGND,li1,21.8500,87.0400,0.000001
FILLER_27_21,VGND,li1,20.4700,87.0400,0.000001
FILLER_27_18,VGND,li1,19.0900,87.0400,0.000001
FILLER_27_15,VGND,li1,17.7100,87.0400,0.000001
FILLER_27_12,VGND,li1,16.3300,87.0400,0.000001
FILLER_27_9,VGND,li1,14.9500,87.0400,0.000001
FILLER_27_6,VGND,li1,13.5700,87.0400,0.000001
FILLER_27_3,VGND,li1,12.1900,87.0400,0.000001
FILLER_26_183,VGND,li1,94.5300,81.6000,0.000008
FILLER_26_180,VGND,li1,93.6100,81.6000,0.000007
FILLER_26_177,VGND,li1,92.2300,81.6000,0.000007
FILLER_26_174,VGND,li1,90.8500,81.6000,0.000007
FILLER_26_171,VGND,li1,89.4700,81.6000,0.000006
FILLER_26_168,VGND,li1,88.0900,81.6000,0.000006
FILLER_26_165,VGND,li1,86.7100,81.6000,0.000006
FILLER_26_162,VGND,li1,85.3300,81.6000,0.000005
FILLER_26_159,VGND,li1,83.9500,81.6000,0.000005
FILLER_26_156,VGND,li1,82.5700,81.6000,0.000005
FILLER_26_153,VGND,li1,81.1900,81.6000,0.000004
FILLER_26_150,VGND,li1,79.8100,81.6000,0.000004
FILLER_26_147,VGND,li1,78.4300,81.6000,0.000004
FILLER_26_144,VGND,li1,77.0500,81.6000,0.000004
FILLER_26_141,VGND,li1,75.6700,81.6000,0.000004
FILLER_26_137,VGND,li1,73.8300,81.6000,0.000005
FILLER_26_134,VGND,li1,72.4500,81.6000,0.000005
FILLER_26_131,VGND,li1,71.0700,81.6000,0.000005
FILLER_26_128,VGND,li1,69.6900,81.6000,0.000005
FILLER_26_121,VGND,li1,66.2400,81.6000,0.000006
FILLER_26_118,VGND,li1,65.0900,81.6000,0.000006
FILLER_26_96,VGND,li1,54.7400,81.6000,0.000007
FILLER_26_93,VGND,li1,53.5900,81.6000,0.000006
FILLER_26_90,VGND,li1,52.2100,81.6000,0.000006
FILLER_26_65,VGND,li1,40.7100,81.6000,0.000009
FILLER_26_62,VGND,li1,39.3300,81.6000,0.000009
FILLER_26_59,VGND,li1,37.9500,81.6000,0.000009
FILLER_26_41,VGND,li1,29.2100,81.6000,0.000009
FILLER_26_38,VGND,li1,28.2900,81.6000,0.000008
FILLER_26_35,VGND,li1,26.9100,81.6000,0.000008
FILLER_26_32,VGND,li1,25.5300,81.6000,0.000006
FILLER_26_29,VGND,li1,24.1500,81.6000,0.000006
FILLER_26_27,VGND,li1,22.7700,81.6000,0.000005
FILLER_26_24,VGND,li1,21.8500,81.6000,0.000005
FILLER_26_21,VGND,li1,20.4700,81.6000,0.000005
FILLER_26_18,VGND,li1,19.0900,81.6000,0.000004
FILLER_26_15,VGND,li1,17.7100,81.6000,0.000004
FILLER_26_12,VGND,li1,16.3300,81.6000,0.000004
FILLER_26_9,VGND,li1,14.9500,81.6000,0.000004
FILLER_26_6,VGND,li1,13.5700,81.6000,0.000004
FILLER_26_3,VGND,li1,12.1900,81.6000,0.000004
FILLER_25_190,VGND,li1,97.9800,81.6000,0.000008
FILLER_25_187,VGND,li1,96.8300,81.6000,0.000008
FILLER_25_184,VGND,li1,95.4500,81.6000,0.000008
FILLER_25_181,VGND,li1,94.0700,81.6000,0.000007
FILLER_25_178,VGND,li1,92.6900,81.6000,0.000007
FILLER_25_175,VGND,li1,91.3100,81.6000,0.000007
FILLER_25_172,VGND,li1,89.9300,81.6000,0.000006
FILLER_25_169,VGND,li1,88.5500,81.6000,0.000006
FILLER_25_167,VGND,li1,87.1700,81.6000,0.000006
FILLER_25_164,VGND,li1,86.2500,81.6000,0.000005
FILLER_25_161,VGND,li1,84.8700,81.6000,0.000005
FILLER_25_158,VGND,li1,83.4900,81.6000,0.000005
FILLER_25_155,VGND,li1,82.1100,81.6000,0.000004
FILLER_25_152,VGND,li1,80.7300,81.6000,0.000004
FILLER_25_149,VGND,li1,79.3500,81.6000,0.000004
FILLER_25_146,VGND,li1,77.9700,81.6000,0.000004
FILLER_25_143,VGND,li1,76.5900,81.6000,0.000004
FILLER_25_140,VGND,li1,75.2100,81.6000,0.000004
FILLER_25_137,VGND,li1,73.8300,81.6000,0.000005
FILLER_25_134,VGND,li1,72.4500,81.6000,0.000005
FILLER_25_131,VGND,li1,71.0700,81.6000,0.000005
FILLER_25_128,VGND,li1,69.6900,81.6000,0.000005
FILLER_25_125,VGND,li1,68.3100,81.6000,0.000006
FILLER_25_122,VGND,li1,66.9300,81.6000,0.000006
FILLER_25_119,VGND,li1,65.5500,81.6000,0.000006
FILLER_25_116,VGND,li1,64.1700,81.6000,0.000006
FILLER_25_113,VGND,li1,62.7900,81.6000,0.000006
FILLER_25_109,VGND,li1,60.9500,81.6000,0.000007
FILLER_25_106,VGND,li1,59.5700,81.6000,0.000007
FILLER_25_103,VGND,li1,58.1900,81.6000,0.000007
FILLER_25_92,VGND,li1,52.6700,81.6000,0.000006
FILLER_25_70,VGND,li1,42.7800,81.6000,0.000008
FILLER_25_67,VGND,li1,41.6300,81.6000,0.000009
FILLER_25_64,VGND,li1,40.2500,81.6000,0.000009
FILLER_25_53,VGND,li1,35.1900,81.6000,0.000010
FILLER_25_50,VGND,li1,33.8100,81.6000,0.000010
FILLER_25_47,VGND,li1,32.4300,81.6000,0.000009
FILLER_25_44,VGND,li1,31.0500,81.6000,0.000009
FILLER_25_41,VGND,li1,29.6700,81.6000,0.000009
FILLER_25_38,VGND,li1,28.2900,81.6000,0.000008
FILLER_25_35,VGND,li1,26.9100,81.6000,0.000008
FILLER_25_32,VGND,li1,25.5300,81.6000,0.000006
FILLER_25_29,VGND,li1,24.1500,81.6000,0.000006
FILLER_25_26,VGND,li1,22.7700,81.6000,0.000005
FILLER_25_23,VGND,li1,21.3900,81.6000,0.000005
FILLER_25_20,VGND,li1,20.0100,81.6000,0.000005
FILLER_25_17,VGND,li1,18.6300,81.6000,0.000004
FILLER_25_14,VGND,li1,17.2500,81.6000,0.000004
FILLER_25_11,VGND,li1,15.8700,81.6000,0.000004
FILLER_24_189,VGND,li1,97.7500,76.1600,0.000015
FILLER_24_186,VGND,li1,96.3700,76.1600,0.000015
FILLER_24_183,VGND,li1,94.9900,76.1600,0.000014
FILLER_24_180,VGND,li1,93.6100,76.1600,0.000014
FILLER_24_177,VGND,li1,92.2300,76.1600,0.000013
FILLER_24_174,VGND,li1,90.8500,76.1600,0.000013
FILLER_24_171,VGND,li1,89.4700,76.1600,0.000013
FILLER_24_168,VGND,li1,88.0900,76.1600,0.000012
FILLER_24_165,VGND,li1,86.7100,76.1600,0.000012
FILLER_24_162,VGND,li1,85.3300,76.1600,0.000012
FILLER_24_144,VGND,li1,76.5900,76.1600,0.000009
FILLER_24_141,VGND,li1,75.6700,76.1600,0.000009
FILLER_24_137,VGND,li1,73.8300,76.1600,0.000009
FILLER_24_134,VGND,li1,72.4500,76.1600,0.000009
FILLER_24_131,VGND,li1,71.0700,76.1600,0.000009
FILLER_24_113,VGND,li1,62.7900,76.1600,0.000009
FILLER_24_110,VGND,li1,61.4100,76.1600,0.000009
FILLER_24_107,VGND,li1,60.0300,76.1600,0.000009
FILLER_24_104,VGND,li1,58.6500,76.1600,0.000009
FILLER_24_96,VGND,li1,54.7400,76.1600,0.000008
FILLER_24_91,VGND,li1,52.4400,76.1600,0.000007
FILLER_24_88,VGND,li1,51.2900,76.1600,0.000007
FILLER_24_85,VGND,li1,49.9100,76.1600,0.000006
FILLER_24_82,VGND,li1,48.3000,76.1600,0.000005
FILLER_24_79,VGND,li1,47.1500,76.1600,0.000005
FILLER_24_76,VGND,li1,45.7700,76.1600,0.000006
FILLER_24_73,VGND,li1,44.3900,76.1600,0.000007
FILLER_24_70,VGND,li1,43.0100,76.1600,0.000007
FILLER_24_67,VGND,li1,41.6300,76.1600,0.000007
FILLER_24_64,VGND,li1,40.2500,76.1600,0.000008
FILLER_24_61,VGND,li1,38.8700,76.1600,0.000008
FILLER_24_58,VGND,li1,37.4900,76.1600,0.000008
FILLER_24_52,VGND,li1,34.2700,76.1600,0.000009
FILLER_24_49,VGND,li1,33.3500,76.1600,0.000009
FILLER_24_46,VGND,li1,31.9700,76.1600,0.000009
FILLER_24_26,VGND,li1,22.5400,76.1600,0.000007
FILLER_24_18,VGND,li1,18.8600,76.1600,0.000005
FILLER_24_15,VGND,li1,17.7100,76.1600,0.000005
FILLER_24_12,VGND,li1,16.3300,76.1600,0.000005
FILLER_24_9,VGND,li1,14.9500,76.1600,0.000005
FILLER_24_6,VGND,li1,13.5700,76.1600,0.000005
FILLER_24_3,VGND,li1,12.1900,76.1600,0.000005
FILLER_23_181,VGND,li1,94.0700,76.1600,0.000014
FILLER_23_178,VGND,li1,92.6900,76.1600,0.000013
FILLER_23_175,VGND,li1,91.3100,76.1600,0.000013
FILLER_23_172,VGND,li1,89.9300,76.1600,0.000013
FILLER_23_169,VGND,li1,88.5500,76.1600,0.000012
FILLER_23_165,VGND,li1,86.7100,76.1600,0.000012
FILLER_23_162,VGND,li1,85.3300,76.1600,0.000012
FILLER_23_159,VGND,li1,83.9500,76.1600,0.000011
FILLER_23_156,VGND,li1,82.5700,76.1600,0.000011
FILLER_23_153,VGND,li1,81.1900,76.1600,0.000011
FILLER_23_150,VGND,li1,79.8100,76.1600,0.000008
FILLER_23_147,VGND,li1,78.4300,76.1600,0.000008
FILLER_23_144,VGND,li1,77.0500,76.1600,0.000009
FILLER_23_141,VGND,li1,75.6700,76.1600,0.000009
FILLER_23_138,VGND,li1,74.2900,76.1600,0.000009
FILLER_23_135,VGND,li1,72.9100,76.1600,0.000009
FILLER_23_132,VGND,li1,71.5300,76.1600,0.000009
FILLER_23_125,VGND,li1,67.8500,76.1600,0.000010
FILLER_23_122,VGND,li1,66.9300,76.1600,0.000010
FILLER_23_119,VGND,li1,65.5500,76.1600,0.000009
FILLER_23_116,VGND,li1,64.1700,76.1600,0.000009
FILLER_23_113,VGND,li1,62.7900,76.1600,0.000009
FILLER_23_111,VGND,li1,61.4100,76.1600,0.000009
FILLER_23_101,VGND,li1,56.8100,76.1600,0.000008
FILLER_23_98,VGND,li1,55.8900,76.1600,0.000008
FILLER_23_90,VGND,li1,51.7500,76.1600,0.000007
FILLER_23_87,VGND,li1,50.8300,76.1600,0.000007
FILLER_23_77,VGND,li1,46.0000,76.1600,0.000006
FILLER_23_74,VGND,li1,44.8500,76.1600,0.000006
FILLER_23_71,VGND,li1,43.4700,76.1600,0.000007
FILLER_23_68,VGND,li1,42.0900,76.1600,0.000007
FILLER_23_65,VGND,li1,40.7100,76.1600,0.000007
FILLER_23_57,VGND,li1,37.0300,76.1600,0.000008
FILLER_23_47,VGND,li1,32.2000,76.1600,0.000009
FILLER_23_44,VGND,li1,31.0500,76.1600,0.000009
FILLER_23_41,VGND,li1,29.6700,76.1600,0.000009
FILLER_23_38,VGND,li1,28.2900,76.1600,0.000010
FILLER_23_35,VGND,li1,26.9100,76.1600,0.000009
FILLER_23_32,VGND,li1,25.5300,76.1600,0.000009
FILLER_23_29,VGND,li1,24.1500,76.1600,0.000007
FILLER_23_26,VGND,li1,22.7700,76.1600,0.000007
FILLER_23_23,VGND,li1,21.3900,76.1600,0.000006
FILLER_23_20,VGND,li1,20.0100,76.1600,0.000006
FILLER_23_17,VGND,li1,18.6300,76.1600,0.000005
FILLER_23_14,VGND,li1,17.2500,76.1600,0.000005
FILLER_23_11,VGND,li1,15.8700,76.1600,0.000005
FILLER_22_182,VGND,li1,94.3000,70.7200,0.000034
FILLER_22_179,VGND,li1,93.1500,70.7200,0.000034
FILLER_22_144,VGND,li1,76.5900,70.7200,0.000028
FILLER_22_141,VGND,li1,75.6700,70.7200,0.000028
FILLER_22_138,VGND,li1,74.0600,70.7200,0.000031
FILLER_22_119,VGND,li1,65.5500,70.7200,0.000043
FILLER_22_116,VGND,li1,64.1700,70.7200,0.000043
FILLER_22_113,VGND,li1,62.7900,70.7200,0.000046
FILLER_22_91,VGND,li1,52.4400,70.7200,0.000036
FILLER_22_88,VGND,li1,51.2900,70.7200,0.000036
FILLER_22_85,VGND,li1,49.9100,70.7200,0.000026
FILLER_22_67,VGND,li1,41.1700,70.7200,0.000024
FILLER_22_64,VGND,li1,40.2500,70.7200,0.000024
FILLER_22_46,VGND,li1,31.7400,70.7200,0.000020
FILLER_22_27,VGND,li1,22.7700,70.7200,0.000014
FILLER_22_24,VGND,li1,21.8500,70.7200,0.000011
FILLER_22_21,VGND,li1,20.4700,70.7200,0.000011
FILLER_22_12,VGND,li1,16.3300,70.7200,0.000009
FILLER_22_9,VGND,li1,14.9500,70.7200,0.000009
FILLER_22_6,VGND,li1,13.5700,70.7200,0.000009
FILLER_22_3,VGND,li1,12.1900,70.7200,0.000009
FILLER_21_190,VGND,li1,97.9800,70.7200,0.000034
FILLER_21_187,VGND,li1,96.8300,70.7200,0.000034
FILLER_21_184,VGND,li1,95.4500,70.7200,0.000034
FILLER_21_181,VGND,li1,94.0700,70.7200,0.000034
FILLER_21_178,VGND,li1,92.6900,70.7200,0.000034
FILLER_21_175,VGND,li1,91.3100,70.7200,0.000033
FILLER_21_172,VGND,li1,89.9300,70.7200,0.000033
FILLER_21_169,VGND,li1,88.5500,70.7200,0.000033
FILLER_21_165,VGND,li1,86.7100,70.7200,0.000031
FILLER_21_162,VGND,li1,85.3300,70.7200,0.000031
FILLER_21_159,VGND,li1,83.9500,70.7200,0.000029
FILLER_21_156,VGND,li1,82.5700,70.7200,0.000029
FILLER_21_153,VGND,li1,81.1900,70.7200,0.000027
FILLER_21_150,VGND,li1,79.8100,70.7200,0.000024
FILLER_21_147,VGND,li1,78.4300,70.7200,0.000024
FILLER_21_139,VGND,li1,74.5200,70.7200,0.000031
FILLER_21_136,VGND,li1,73.3700,70.7200,0.000031
FILLER_21_133,VGND,li1,71.9900,70.7200,0.000034
FILLER_21_130,VGND,li1,70.6100,70.7200,0.000037
FILLER_21_127,VGND,li1,69.2300,70.7200,0.000037
FILLER_21_116,VGND,li1,64.1700,70.7200,0.000043
FILLER_21_113,VGND,li1,62.7900,70.7200,0.000046
FILLER_21_111,VGND,li1,61.4100,70.7200,0.000046
FILLER_21_102,VGND,li1,57.2700,70.7200,0.000052
FILLER_21_99,VGND,li1,56.3500,70.7200,0.000052
FILLER_21_92,VGND,li1,52.6700,70.7200,0.000036
FILLER_21_85,VGND,li1,49.6800,70.7200,0.000026
FILLER_21_82,VGND,li1,48.5300,70.7200,0.000026
FILLER_21_79,VGND,li1,47.1500,70.7200,0.000026
FILLER_21_76,VGND,li1,45.7700,70.7200,0.000026
FILLER_21_73,VGND,li1,44.3900,70.7200,0.000025
FILLER_21_70,VGND,li1,43.0100,70.7200,0.000025
FILLER_21_67,VGND,li1,41.6300,70.7200,0.000024
FILLER_21_64,VGND,li1,40.2500,70.7200,0.000024
FILLER_21_57,VGND,li1,36.8000,70.7200,0.000022
FILLER_21_54,VGND,li1,35.4200,70.7200,0.000022
FILLER_21_51,VGND,li1,34.2700,70.7200,0.000021
FILLER_21_48,VGND,li1,32.8900,70.7200,0.000021
FILLER_21_45,VGND,li1,31.5100,70.7200,0.000020
FILLER_21_42,VGND,li1,30.1300,70.7200,0.000020
FILLER_21_39,VGND,li1,28.7500,70.7200,0.000019
FILLER_21_36,VGND,li1,27.3700,70.7200,0.000019
FILLER_21_33,VGND,li1,25.9900,70.7200,0.000016
FILLER_21_30,VGND,li1,24.6100,70.7200,0.000016
FILLER_21_27,VGND,li1,23.2300,70.7200,0.000014
FILLER_21_24,VGND,li1,21.8500,70.7200,0.000011
FILLER_21_21,VGND,li1,20.4700,70.7200,0.000011
FILLER_21_18,VGND,li1,19.0900,70.7200,0.000009
FILLER_21_15,VGND,li1,17.7100,70.7200,0.000009
FILLER_21_12,VGND,li1,16.3300,70.7200,0.000009
FILLER_21_9,VGND,li1,14.9500,70.7200,0.000009
FILLER_21_6,VGND,li1,13.5700,70.7200,0.000009
FILLER_21_3,VGND,li1,12.1900,70.7200,0.000009
FILLER_20_189,VGND,li1,97.7500,65.2800,0.000004
FILLER_20_186,VGND,li1,96.3700,65.2800,0.000004
FILLER_20_183,VGND,li1,94.9900,65.2800,0.000004
FILLER_20_180,VGND,li1,93.6100,65.2800,0.000004
FILLER_20_177,VGND,li1,92.2300,65.2800,0.000004
FILLER_20_174,VGND,li1,90.8500,65.2800,0.000004
FILLER_20_171,VGND,li1,89.4700,65.2800,0.000004
FILLER_20_168,VGND,li1,88.0900,65.2800,0.000004
FILLER_20_165,VGND,li1,86.7100,65.2800,0.000004
FILLER_20_162,VGND,li1,85.3300,65.2800,0.000004
FILLER_20_159,VGND,li1,83.9500,65.2800,0.000004
FILLER_20_156,VGND,li1,82.5700,65.2800,0.000004
FILLER_20_153,VGND,li1,81.1900,65.2800,0.000004
FILLER_20_150,VGND,li1,79.8100,65.2800,0.000004
FILLER_20_147,VGND,li1,78.4300,65.2800,0.000004
FILLER_20_144,VGND,li1,77.0500,65.2800,0.000005
FILLER_20_141,VGND,li1,75.6700,65.2800,0.000006
FILLER_20_137,VGND,li1,73.8300,65.2800,0.000007
FILLER_20_134,VGND,li1,72.4500,65.2800,0.000007
FILLER_20_131,VGND,li1,71.0700,65.2800,0.000008
FILLER_20_128,VGND,li1,69.6900,65.2800,0.000008
FILLER_20_125,VGND,li1,68.3100,65.2800,0.000010
FILLER_20_122,VGND,li1,66.9300,65.2800,0.000010
FILLER_20_119,VGND,li1,65.5500,65.2800,0.000011
FILLER_20_116,VGND,li1,64.1700,65.2800,0.000011
FILLER_20_113,VGND,li1,62.7900,65.2800,0.000012
FILLER_20_110,VGND,li1,61.4100,65.2800,0.000013
FILLER_20_107,VGND,li1,60.0300,65.2800,0.000013
FILLER_20_100,VGND,li1,56.5800,65.2800,0.000015
FILLER_20_97,VGND,li1,55.4300,65.2800,0.000016
FILLER_20_94,VGND,li1,54.0500,65.2800,0.000016
FILLER_20_91,VGND,li1,52.6700,65.2800,0.000017
FILLER_20_88,VGND,li1,51.2900,65.2800,0.000018
FILLER_20_85,VGND,li1,49.9100,65.2800,0.000018
FILLER_20_81,VGND,li1,48.0700,65.2800,0.000019
FILLER_20_78,VGND,li1,46.6900,65.2800,0.000026
FILLER_20_50,VGND,li1,33.8100,65.2800,0.000035
FILLER_20_47,VGND,li1,32.4300,65.2800,0.000033
FILLER_20_44,VGND,li1,31.0500,65.2800,0.000033
FILLER_20_41,VGND,li1,29.6700,65.2800,0.000030
FILLER_20_38,VGND,li1,28.2900,65.2800,0.000030
FILLER_20_35,VGND,li1,26.9100,65.2800,0.000028
FILLER_20_32,VGND,li1,25.5300,65.2800,0.000028
FILLER_20_29,VGND,li1,24.1500,65.2800,0.000024
FILLER_20_26,VGND,li1,22.5400,65.2800,0.000021
FILLER_20_23,VGND,li1,21.3900,65.2800,0.000021
FILLER_20_20,VGND,li1,20.0100,65.2800,0.000017
FILLER_20_17,VGND,li1,18.6300,65.2800,0.000014
FILLER_20_14,VGND,li1,17.2500,65.2800,0.000014
FILLER_20_11,VGND,li1,15.8700,65.2800,0.000014
FILLER_19_190,VGND,li1,97.9800,65.2800,0.000004
FILLER_19_187,VGND,li1,96.8300,65.2800,0.000004
FILLER_19_184,VGND,li1,95.4500,65.2800,0.000004
FILLER_19_181,VGND,li1,94.0700,65.2800,0.000004
FILLER_19_178,VGND,li1,92.6900,65.2800,0.000004
FILLER_19_175,VGND,li1,91.3100,65.2800,0.000004
FILLER_19_172,VGND,li1,89.9300,65.2800,0.000004
FILLER_19_169,VGND,li1,88.5500,65.2800,0.000004
FILLER_19_167,VGND,li1,87.1700,65.2800,0.000004
FILLER_19_164,VGND,li1,86.2500,65.2800,0.000004
FILLER_19_161,VGND,li1,84.8700,65.2800,0.000004
FILLER_19_158,VGND,li1,83.4900,65.2800,0.000004
FILLER_19_155,VGND,li1,82.1100,65.2800,0.000004
FILLER_19_152,VGND,li1,80.7300,65.2800,0.000004
FILLER_19_149,VGND,li1,79.3500,65.2800,0.000004
FILLER_19_146,VGND,li1,77.9700,65.2800,0.000005
FILLER_19_143,VGND,li1,76.5900,65.2800,0.000005
FILLER_19_140,VGND,li1,75.2100,65.2800,0.000006
FILLER_19_137,VGND,li1,73.8300,65.2800,0.000007
FILLER_19_134,VGND,li1,72.4500,65.2800,0.000007
FILLER_19_131,VGND,li1,71.0700,65.2800,0.000008
FILLER_19_128,VGND,li1,69.6900,65.2800,0.000008
FILLER_19_125,VGND,li1,68.3100,65.2800,0.000010
FILLER_19_122,VGND,li1,66.9300,65.2800,0.000010
FILLER_19_119,VGND,li1,65.5500,65.2800,0.000011
FILLER_19_116,VGND,li1,64.1700,65.2800,0.000011
FILLER_19_113,VGND,li1,62.7900,65.2800,0.000012
FILLER_19_110,VGND,li1,61.1800,65.2800,0.000013
FILLER_19_99,VGND,li1,56.3500,65.2800,0.000015
FILLER_19_91,VGND,li1,52.2100,65.2800,0.000017
FILLER_19_88,VGND,li1,51.2900,65.2800,0.000018
FILLER_19_85,VGND,li1,49.9100,65.2800,0.000018
FILLER_19_82,VGND,li1,48.5300,65.2800,0.000019
FILLER_19_79,VGND,li1,47.1500,65.2800,0.000026
FILLER_19_76,VGND,li1,45.7700,65.2800,0.000026
FILLER_19_73,VGND,li1,44.3900,65.2800,0.000033
FILLER_19_70,VGND,li1,43.0100,65.2800,0.000033
FILLER_19_67,VGND,li1,41.6300,65.2800,0.000041
FILLER_19_64,VGND,li1,40.2500,65.2800,0.000041
FILLER_19_57,VGND,li1,36.5700,65.2800,0.000037
FILLER_19_50,VGND,li1,33.8100,65.2800,0.000035
FILLER_19_47,VGND,li1,32.4300,65.2800,0.000033
FILLER_19_44,VGND,li1,31.0500,65.2800,0.000033
FILLER_19_24,VGND,li1,21.8500,65.2800,0.000021
FILLER_19_21,VGND,li1,20.4700,65.2800,0.000017
FILLER_19_18,VGND,li1,19.0900,65.2800,0.000017
FILLER_19_11,VGND,li1,15.4100,65.2800,0.000014
FILLER_18_189,VGND,li1,97.7500,59.8400,0.000003
FILLER_18_186,VGND,li1,96.3700,59.8400,0.000003
FILLER_18_183,VGND,li1,94.9900,59.8400,0.000003
FILLER_18_180,VGND,li1,93.6100,59.8400,0.000003
FILLER_18_177,VGND,li1,92.2300,59.8400,0.000003
FILLER_18_174,VGND,li1,90.8500,59.8400,0.000003
FILLER_18_171,VGND,li1,89.4700,59.8400,0.000003
FILLER_18_168,VGND,li1,88.0900,59.8400,0.000003
FILLER_18_165,VGND,li1,86.7100,59.8400,0.000003
FILLER_18_162,VGND,li1,85.3300,59.8400,0.000003
FILLER_18_159,VGND,li1,83.9500,59.8400,0.000003
FILLER_18_156,VGND,li1,82.5700,59.8400,0.000003
FILLER_18_153,VGND,li1,81.1900,59.8400,0.000003
FILLER_18_150,VGND,li1,79.8100,59.8400,0.000003
FILLER_18_147,VGND,li1,78.4300,59.8400,0.000003
FILLER_18_144,VGND,li1,77.0500,59.8400,0.000003
FILLER_18_141,VGND,li1,75.6700,59.8400,0.000004
FILLER_18_139,VGND,li1,74.2900,59.8400,0.000004
FILLER_18_136,VGND,li1,73.3700,59.8400,0.000005
FILLER_18_133,VGND,li1,71.9900,59.8400,0.000005
FILLER_18_130,VGND,li1,70.6100,59.8400,0.000005
FILLER_18_127,VGND,li1,69.2300,59.8400,0.000006
FILLER_18_124,VGND,li1,67.8500,59.8400,0.000006
FILLER_18_115,VGND,li1,63.7100,59.8400,0.000006
FILLER_18_112,VGND,li1,62.3300,59.8400,0.000007
FILLER_18_109,VGND,li1,60.9500,59.8400,0.000007
FILLER_18_106,VGND,li1,59.5700,59.8400,0.000007
FILLER_18_103,VGND,li1,58.1900,59.8400,0.000007
FILLER_18_100,VGND,li1,56.8100,59.8400,0.000007
FILLER_18_97,VGND,li1,55.4300,59.8400,0.000007
FILLER_18_94,VGND,li1,54.0500,59.8400,0.000008
FILLER_18_91,VGND,li1,52.6700,59.8400,0.000008
FILLER_18_88,VGND,li1,51.2900,59.8400,0.000008
FILLER_18_85,VGND,li1,49.9100,59.8400,0.000008
FILLER_18_76,VGND,li1,45.7700,59.8400,0.000009
FILLER_18_70,VGND,li1,42.5500,59.8400,0.000012
FILLER_18_67,VGND,li1,41.6300,59.8400,0.000013
FILLER_18_64,VGND,li1,40.2500,59.8400,0.000013
FILLER_18_52,VGND,li1,34.7300,59.8400,0.000017
FILLER_18_49,VGND,li1,33.3500,59.8400,0.000017
FILLER_18_46,VGND,li1,31.9700,59.8400,0.000017
FILLER_18_26,VGND,li1,22.5400,59.8400,0.000015
FILLER_18_23,VGND,li1,21.3900,59.8400,0.000013
FILLER_18_20,VGND,li1,20.0100,59.8400,0.000013
FILLER_18_17,VGND,li1,18.6300,59.8400,0.000010
FILLER_18_9,VGND,li1,14.7200,59.8400,0.000010
FILLER_18_6,VGND,li1,13.5700,59.8400,0.000010
FILLER_18_3,VGND,li1,12.1900,59.8400,0.000010
FILLER_17_190,VGND,li1,97.9800,59.8400,0.000003
FILLER_17_187,VGND,li1,96.8300,59.8400,0.000003
FILLER_17_184,VGND,li1,95.4500,59.8400,0.000003
FILLER_17_181,VGND,li1,94.0700,59.8400,0.000003
FILLER_17_178,VGND,li1,92.6900,59.8400,0.000003
FILLER_17_175,VGND,li1,91.3100,59.8400,0.000003
FILLER_17_172,VGND,li1,89.9300,59.8400,0.000003
FILLER_17_169,VGND,li1,88.5500,59.8400,0.000003
FILLER_17_165,VGND,li1,86.7100,59.8400,0.000003
FILLER_17_162,VGND,li1,85.3300,59.8400,0.000003
FILLER_17_159,VGND,li1,83.9500,59.8400,0.000003
FILLER_17_156,VGND,li1,82.5700,59.8400,0.000003
FILLER_17_153,VGND,li1,81.1900,59.8400,0.000003
FILLER_17_150,VGND,li1,79.8100,59.8400,0.000003
FILLER_17_147,VGND,li1,78.4300,59.8400,0.000003
FILLER_17_144,VGND,li1,77.0500,59.8400,0.000003
FILLER_17_141,VGND,li1,75.6700,59.8400,0.000004
FILLER_17_126,VGND,li1,68.3100,59.8400,0.000006
FILLER_17_116,VGND,li1,63.9400,59.8400,0.000006
FILLER_17_113,VGND,li1,62.7900,59.8400,0.000007
FILLER_17_109,VGND,li1,60.9500,59.8400,0.000007
FILLER_17_106,VGND,li1,59.5700,59.8400,0.000007
FILLER_17_103,VGND,li1,58.1900,59.8400,0.000007
FILLER_17_87,VGND,li1,50.8300,59.8400,0.000008
FILLER_17_79,VGND,li1,47.1500,59.8400,0.000009
FILLER_17_64,VGND,li1,40.2500,59.8400,0.000013
FILLER_17_55,VGND,li1,35.6500,59.8400,0.000016
FILLER_17_46,VGND,li1,31.5100,59.8400,0.000017
FILLER_17_43,VGND,li1,30.5900,59.8400,0.000018
FILLER_17_40,VGND,li1,29.2100,59.8400,0.000018
FILLER_17_20,VGND,li1,20.0100,59.8400,0.000013
FILLER_17_11,VGND,li1,15.4100,59.8400,0.000010
FILLER_16_189,VGND,li1,97.7500,54.4000,0.000020
FILLER_16_186,VGND,li1,96.3700,54.4000,0.000020
FILLER_16_183,VGND,li1,94.9900,54.4000,0.000020
FILLER_16_180,VGND,li1,93.6100,54.4000,0.000019
FILLER_16_177,VGND,li1,92.2300,54.4000,0.000019
FILLER_16_174,VGND,li1,90.8500,54.4000,0.000019
FILLER_16_171,VGND,li1,89.4700,54.4000,0.000018
FILLER_16_168,VGND,li1,88.0900,54.4000,0.000018
FILLER_16_165,VGND,li1,86.7100,54.4000,0.000018
FILLER_16_162,VGND,li1,85.3300,54.4000,0.000017
FILLER_16_159,VGND,li1,83.9500,54.4000,0.000017
FILLER_16_156,VGND,li1,82.5700,54.4000,0.000017
FILLER_16_153,VGND,li1,81.1900,54.4000,0.000016
FILLER_16_150,VGND,li1,79.8100,54.4000,0.000016
FILLER_16_147,VGND,li1,78.4300,54.4000,0.000016
FILLER_16_144,VGND,li1,77.0500,54.4000,0.000019
FILLER_16_141,VGND,li1,75.6700,54.4000,0.000022
FILLER_16_137,VGND,li1,73.8300,54.4000,0.000026
FILLER_16_134,VGND,li1,72.4500,54.4000,0.000026
FILLER_16_119,VGND,li1,65.0900,54.4000,0.000039
FILLER_16_116,VGND,li1,64.1700,54.4000,0.000039
FILLER_16_113,VGND,li1,62.7900,54.4000,0.000043
FILLER_16_91,VGND,li1,52.4400,54.4000,0.000036
FILLER_16_88,VGND,li1,51.2900,54.4000,0.000029
FILLER_16_85,VGND,li1,49.9100,54.4000,0.000029
FILLER_16_81,VGND,li1,48.0700,54.4000,0.000023
FILLER_16_78,VGND,li1,46.6900,54.4000,0.000022
FILLER_16_75,VGND,li1,45.3100,54.4000,0.000022
FILLER_16_72,VGND,li1,43.9300,54.4000,0.000022
FILLER_16_69,VGND,li1,42.5500,54.4000,0.000021
FILLER_16_66,VGND,li1,41.1700,54.4000,0.000021
FILLER_16_63,VGND,li1,39.7900,54.4000,0.000021
FILLER_16_60,VGND,li1,38.4100,54.4000,0.000020
FILLER_16_57,VGND,li1,37.0300,54.4000,0.000020
FILLER_16_54,VGND,li1,35.6500,54.4000,0.000020
FILLER_16_26,VGND,li1,22.5400,54.4000,0.000012
FILLER_16_23,VGND,li1,21.3900,54.4000,0.000012
FILLER_16_20,VGND,li1,20.0100,54.4000,0.000009
FILLER_16_17,VGND,li1,18.6300,54.4000,0.000009
FILLER_15_181,VGND,li1,94.0700,54.4000,0.000019
FILLER_15_178,VGND,li1,92.6900,54.4000,0.000019
FILLER_15_175,VGND,li1,91.3100,54.4000,0.000019
FILLER_15_172,VGND,li1,89.9300,54.4000,0.000018
FILLER_15_169,VGND,li1,88.5500,54.4000,0.000018
FILLER_15_167,VGND,li1,87.1700,54.4000,0.000018
FILLER_15_164,VGND,li1,86.2500,54.4000,0.000017
FILLER_15_161,VGND,li1,84.8700,54.4000,0.000017
FILLER_15_158,VGND,li1,83.4900,54.4000,0.000017
FILLER_15_155,VGND,li1,82.1100,54.4000,0.000016
FILLER_15_152,VGND,li1,80.7300,54.4000,0.000016
FILLER_15_149,VGND,li1,79.3500,54.4000,0.000016
FILLER_15_146,VGND,li1,77.9700,54.4000,0.000019
FILLER_15_143,VGND,li1,76.5900,54.4000,0.000019
FILLER_15_140,VGND,li1,75.2100,54.4000,0.000022
FILLER_15_137,VGND,li1,73.8300,54.4000,0.000026
FILLER_15_134,VGND,li1,72.4500,54.4000,0.000026
FILLER_15_131,VGND,li1,71.0700,54.4000,0.000031
FILLER_15_128,VGND,li1,69.6900,54.4000,0.000031
FILLER_15_125,VGND,li1,68.3100,54.4000,0.000035
FILLER_15_122,VGND,li1,66.9300,54.4000,0.000035
FILLER_15_119,VGND,li1,65.5500,54.4000,0.000039
FILLER_15_116,VGND,li1,64.1700,54.4000,0.000039
FILLER_15_113,VGND,li1,62.7900,54.4000,0.000043
FILLER_15_110,VGND,li1,61.1800,54.4000,0.000043
FILLER_15_97,VGND,li1,55.2000,54.4000,0.000044
FILLER_15_94,VGND,li1,54.0500,54.4000,0.000036
FILLER_15_91,VGND,li1,52.6700,54.4000,0.000036
FILLER_15_88,VGND,li1,51.2900,54.4000,0.000029
FILLER_15_85,VGND,li1,49.9100,54.4000,0.000029
FILLER_15_82,VGND,li1,48.5300,54.4000,0.000023
FILLER_15_79,VGND,li1,47.1500,54.4000,0.000022
FILLER_15_75,VGND,li1,44.8500,54.4000,0.000022
FILLER_15_72,VGND,li1,43.9300,54.4000,0.000022
FILLER_15_69,VGND,li1,42.5500,54.4000,0.000021
FILLER_15_66,VGND,li1,41.1700,54.4000,0.000021
FILLER_15_60,VGND,li1,37.9500,54.4000,0.000020
FILLER_15_57,VGND,li1,37.0300,54.4000,0.000020
FILLER_15_53,VGND,li1,35.1900,54.4000,0.000020
FILLER_15_50,VGND,li1,33.8100,54.4000,0.000019
FILLER_15_47,VGND,li1,32.4300,54.4000,0.000019
FILLER_15_44,VGND,li1,31.0500,54.4000,0.000018
FILLER_15_41,VGND,li1,29.6700,54.4000,0.000018
FILLER_15_38,VGND,li1,28.2900,54.4000,0.000018
FILLER_15_35,VGND,li1,26.9100,54.4000,0.000016
FILLER_15_32,VGND,li1,25.5300,54.4000,0.000016
FILLER_15_29,VGND,li1,24.1500,54.4000,0.000014
FILLER_15_26,VGND,li1,22.7700,54.4000,0.000012
FILLER_15_23,VGND,li1,21.3900,54.4000,0.000012
FILLER_15_20,VGND,li1,20.0100,54.4000,0.000009
FILLER_15_17,VGND,li1,18.6300,54.4000,0.000009
FILLER_14_189,VGND,li1,97.7500,48.9600,0.000008
FILLER_14_186,VGND,li1,96.3700,48.9600,0.000008
FILLER_14_183,VGND,li1,94.9900,48.9600,0.000008
FILLER_14_180,VGND,li1,93.6100,48.9600,0.000008
FILLER_14_177,VGND,li1,92.2300,48.9600,0.000008
FILLER_14_174,VGND,li1,90.8500,48.9600,0.000008
FILLER_14_171,VGND,li1,89.4700,48.9600,0.000008
FILLER_14_168,VGND,li1,88.0900,48.9600,0.000008
FILLER_14_165,VGND,li1,86.7100,48.9600,0.000008
FILLER_14_162,VGND,li1,85.3300,48.9600,0.000008
FILLER_14_144,VGND,li1,76.5900,48.9600,0.000007
FILLER_14_141,VGND,li1,75.6700,48.9600,0.000008
FILLER_14_130,VGND,li1,70.3800,48.9600,0.000008
FILLER_14_127,VGND,li1,69.2300,48.9600,0.000009
FILLER_14_124,VGND,li1,67.8500,48.9600,0.000009
FILLER_14_113,VGND,li1,62.5600,48.9600,0.000009
FILLER_14_110,VGND,li1,61.4100,48.9600,0.000009
FILLER_14_107,VGND,li1,60.0300,48.9600,0.000009
FILLER_14_101,VGND,li1,57.2700,48.9600,0.000008
FILLER_14_85,VGND,li1,49.4500,48.9600,0.000007
FILLER_14_72,VGND,li1,43.7000,48.9600,0.000009
FILLER_14_62,VGND,li1,39.1000,48.9600,0.000011
FILLER_14_46,VGND,li1,31.9700,48.9600,0.000015
FILLER_14_25,VGND,li1,22.3100,48.9600,0.000013
FILLER_14_22,VGND,li1,20.9300,48.9600,0.000011
FILLER_14_19,VGND,li1,19.5500,48.9600,0.000009
FILLER_14_12,VGND,li1,15.8700,48.9600,0.000009
FILLER_14_9,VGND,li1,14.9500,48.9600,0.000009
FILLER_14_6,VGND,li1,13.5700,48.9600,0.000009
FILLER_14_3,VGND,li1,12.1900,48.9600,0.000009
FILLER_13_190,VGND,li1,97.9800,48.9600,0.000008
FILLER_13_187,VGND,li1,96.8300,48.9600,0.000008
FILLER_13_184,VGND,li1,95.4500,48.9600,0.000008
FILLER_13_181,VGND,li1,94.0700,48.9600,0.000008
FILLER_13_178,VGND,li1,92.6900,48.9600,0.000008
FILLER_13_175,VGND,li1,91.3100,48.9600,0.000008
FILLER_13_172,VGND,li1,89.9300,48.9600,0.000008
FILLER_13_169,VGND,li1,88.5500,48.9600,0.000008
FILLER_13_167,VGND,li1,87.1700,48.9600,0.000008
FILLER_13_164,VGND,li1,86.2500,48.9600,0.000008
FILLER_13_161,VGND,li1,84.8700,48.9600,0.000008
FILLER_13_158,VGND,li1,83.4900,48.9600,0.000008
FILLER_13_155,VGND,li1,82.1100,48.9600,0.000008
FILLER_13_152,VGND,li1,80.7300,48.9600,0.000008
FILLER_13_149,VGND,li1,79.3500,48.9600,0.000007
FILLER_13_146,VGND,li1,77.9700,48.9600,0.000007
FILLER_13_143,VGND,li1,76.5900,48.9600,0.000007
FILLER_13_140,VGND,li1,75.2100,48.9600,0.000008
FILLER_13_137,VGND,li1,73.8300,48.9600,0.000008
FILLER_13_134,VGND,li1,72.4500,48.9600,0.000008
FILLER_13_131,VGND,li1,71.0700,48.9600,0.000008
FILLER_13_128,VGND,li1,69.6900,48.9600,0.000008
FILLER_13_125,VGND,li1,68.3100,48.9600,0.000009
FILLER_13_110,VGND,li1,61.1800,48.9600,0.000009
FILLER_13_107,VGND,li1,60.0300,48.9600,0.000009
FILLER_13_104,VGND,li1,58.6500,48.9600,0.000008
FILLER_13_101,VGND,li1,57.2700,48.9600,0.000008
FILLER_13_98,VGND,li1,55.8900,48.9600,0.000008
FILLER_13_95,VGND,li1,54.5100,48.9600,0.000008
FILLER_13_92,VGND,li1,53.1300,48.9600,0.000008
FILLER_13_89,VGND,li1,51.7500,48.9600,0.000008
FILLER_13_86,VGND,li1,50.3700,48.9600,0.000007
FILLER_13_83,VGND,li1,48.9900,48.9600,0.000007
FILLER_13_80,VGND,li1,47.6100,48.9600,0.000007
FILLER_13_72,VGND,li1,43.9300,48.9600,0.000009
FILLER_13_69,VGND,li1,42.5500,48.9600,0.000010
FILLER_13_66,VGND,li1,41.1700,48.9600,0.000010
FILLER_13_63,VGND,li1,39.7900,48.9600,0.000011
FILLER_13_60,VGND,li1,38.4100,48.9600,0.000011
FILLER_13_57,VGND,li1,37.0300,48.9600,0.000012
FILLER_13_46,VGND,li1,31.9700,48.9600,0.000015
FILLER_13_43,VGND,li1,30.5900,48.9600,0.000015
FILLER_13_24,VGND,li1,21.6200,48.9600,0.000011
FILLER_13_21,VGND,li1,20.4700,48.9600,0.000011
FILLER_13_14,VGND,li1,16.7900,48.9600,0.000009
FILLER_13_11,VGND,li1,15.8700,48.9600,0.000009
FILLER_12_182,VGND,li1,94.3000,43.5200,0.000026
FILLER_12_179,VGND,li1,93.1500,43.5200,0.000026
FILLER_12_176,VGND,li1,91.7700,43.5200,0.000025
FILLER_12_173,VGND,li1,90.3900,43.5200,0.000025
FILLER_12_170,VGND,li1,89.0100,43.5200,0.000024
FILLER_12_167,VGND,li1,87.6300,43.5200,0.000023
FILLER_12_164,VGND,li1,86.2500,43.5200,0.000023
FILLER_12_144,VGND,li1,77.0500,43.5200,0.000017
FILLER_12_141,VGND,li1,75.6700,43.5200,0.000017
FILLER_12_139,VGND,li1,74.2900,43.5200,0.000018
FILLER_12_136,VGND,li1,73.3700,43.5200,0.000018
FILLER_12_133,VGND,li1,71.9900,43.5200,0.000018
FILLER_12_130,VGND,li1,70.6100,43.5200,0.000018
FILLER_12_127,VGND,li1,69.2300,43.5200,0.000019
FILLER_12_124,VGND,li1,67.8500,43.5200,0.000019
FILLER_12_115,VGND,li1,63.4800,43.5200,0.000017
FILLER_12_112,VGND,li1,62.3300,43.5200,0.000017
FILLER_12_109,VGND,li1,60.9500,43.5200,0.000016
FILLER_12_106,VGND,li1,59.5700,43.5200,0.000016
FILLER_12_91,VGND,li1,52.4400,43.5200,0.000010
FILLER_12_88,VGND,li1,51.2900,43.5200,0.000010
FILLER_12_85,VGND,li1,49.9100,43.5200,0.000008
FILLER_12_83,VGND,li1,48.5300,43.5200,0.000006
FILLER_12_80,VGND,li1,47.6100,43.5200,0.000006
FILLER_12_77,VGND,li1,46.2300,43.5200,0.000006
FILLER_12_74,VGND,li1,44.8500,43.5200,0.000006
FILLER_12_71,VGND,li1,43.4700,43.5200,0.000006
FILLER_12_68,VGND,li1,42.0900,43.5200,0.000006
FILLER_12_53,VGND,li1,34.9600,43.5200,0.000005
FILLER_12_50,VGND,li1,33.8100,43.5200,0.000004
FILLER_12_47,VGND,li1,32.4300,43.5200,0.000004
FILLER_12_44,VGND,li1,31.0500,43.5200,0.000004
FILLER_12_41,VGND,li1,29.6700,43.5200,0.000004
FILLER_12_38,VGND,li1,28.2900,43.5200,0.000003
FILLER_12_35,VGND,li1,26.9100,43.5200,0.000003
FILLER_12_32,VGND,li1,25.5300,43.5200,0.000003
FILLER_12_29,VGND,li1,24.1500,43.5200,0.000003
FILLER_12_27,VGND,li1,22.7700,43.5200,0.000003
FILLER_12_24,VGND,li1,21.8500,43.5200,0.000003
FILLER_12_21,VGND,li1,20.4700,43.5200,0.000002
FILLER_12_18,VGND,li1,19.0900,43.5200,0.000002
FILLER_12_15,VGND,li1,17.7100,43.5200,0.000002
FILLER_12_12,VGND,li1,16.3300,43.5200,0.000002
FILLER_12_9,VGND,li1,14.9500,43.5200,0.000002
FILLER_12_6,VGND,li1,13.5700,43.5200,0.000002
FILLER_12_3,VGND,li1,12.1900,43.5200,0.000002
FILLER_11_181,VGND,li1,94.0700,43.5200,0.000026
FILLER_11_178,VGND,li1,92.6900,43.5200,0.000026
FILLER_11_175,VGND,li1,91.3100,43.5200,0.000025
FILLER_11_172,VGND,li1,89.9300,43.5200,0.000024
FILLER_11_169,VGND,li1,88.5500,43.5200,0.000024
FILLER_11_166,VGND,li1,86.9400,43.5200,0.000023
FILLER_11_163,VGND,li1,85.7900,43.5200,0.000022
FILLER_11_160,VGND,li1,84.4100,43.5200,0.000022
FILLER_11_157,VGND,li1,83.0300,43.5200,0.000021
FILLER_11_139,VGND,li1,74.2900,43.5200,0.000018
FILLER_11_136,VGND,li1,73.3700,43.5200,0.000018
FILLER_11_133,VGND,li1,71.9900,43.5200,0.000018
FILLER_11_130,VGND,li1,70.6100,43.5200,0.000018
FILLER_11_113,VGND,li1,62.7900,43.5200,0.000017
FILLER_11_109,VGND,li1,60.9500,43.5200,0.000016
FILLER_11_106,VGND,li1,59.5700,43.5200,0.000016
FILLER_11_93,VGND,li1,53.5900,43.5200,0.000012
FILLER_11_90,VGND,li1,52.2100,43.5200,0.000010
FILLER_11_87,VGND,li1,50.8300,43.5200,0.000008
FILLER_11_84,VGND,li1,49.4500,43.5200,0.000008
FILLER_11_81,VGND,li1,48.0700,43.5200,0.000006
FILLER_11_78,VGND,li1,46.6900,43.5200,0.000006
FILLER_11_73,VGND,li1,44.1600,43.5200,0.000006
FILLER_11_70,VGND,li1,43.0100,43.5200,0.000006
FILLER_11_67,VGND,li1,41.6300,43.5200,0.000006
FILLER_11_53,VGND,li1,35.1900,43.5200,0.000005
FILLER_11_50,VGND,li1,33.8100,43.5200,0.000004
FILLER_11_47,VGND,li1,32.4300,43.5200,0.000004
FILLER_11_44,VGND,li1,31.0500,43.5200,0.000004
FILLER_11_41,VGND,li1,29.6700,43.5200,0.000004
FILLER_11_38,VGND,li1,28.2900,43.5200,0.000003
FILLER_11_35,VGND,li1,26.9100,43.5200,0.000003
FILLER_11_32,VGND,li1,25.5300,43.5200,0.000003
FILLER_11_29,VGND,li1,24.1500,43.5200,0.000003
FILLER_11_26,VGND,li1,22.7700,43.5200,0.000003
FILLER_11_23,VGND,li1,21.3900,43.5200,0.000002
FILLER_11_20,VGND,li1,20.0100,43.5200,0.000002
FILLER_11_17,VGND,li1,18.6300,43.5200,0.000002
FILLER_11_14,VGND,li1,17.2500,43.5200,0.000002
FILLER_11_11,VGND,li1,15.8700,43.5200,0.000002
FILLER_10_190,VGND,li1,97.9800,38.0800,0.000040
FILLER_10_187,VGND,li1,96.8300,38.0800,0.000040
FILLER_10_184,VGND,li1,95.4500,38.0800,0.000039
FILLER_10_181,VGND,li1,94.0700,38.0800,0.000039
FILLER_10_178,VGND,li1,92.6900,38.0800,0.000038
FILLER_10_175,VGND,li1,91.3100,38.0800,0.000038
FILLER_10_172,VGND,li1,89.9300,38.0800,0.000036
FILLER_10_169,VGND,li1,88.5500,38.0800,0.000036
FILLER_10_166,VGND,li1,87.1700,38.0800,0.000035
FILLER_10_163,VGND,li1,85.7900,38.0800,0.000034
FILLER_10_160,VGND,li1,84.4100,38.0800,0.000034
FILLER_10_157,VGND,li1,83.0300,38.0800,0.000033
FILLER_10_154,VGND,li1,81.6500,38.0800,0.000032
FILLER_10_151,VGND,li1,80.2700,38.0800,0.000032
FILLER_10_148,VGND,li1,78.8900,38.0800,0.000031
FILLER_10_139,VGND,li1,74.2900,38.0800,0.000047
FILLER_10_136,VGND,li1,73.3700,38.0800,0.000047
FILLER_10_114,VGND,li1,63.0200,38.0800,0.000061
FILLER_10_111,VGND,li1,61.8700,38.0800,0.000061
FILLER_10_108,VGND,li1,60.4900,38.0800,0.000059
FILLER_10_105,VGND,li1,59.1100,38.0800,0.000059
FILLER_10_102,VGND,li1,57.7300,38.0800,0.000058
FILLER_10_91,VGND,li1,52.6700,38.0800,0.000055
FILLER_10_88,VGND,li1,51.2900,38.0800,0.000055
FILLER_10_85,VGND,li1,49.9100,38.0800,0.000045
FILLER_10_71,VGND,li1,43.0100,38.0800,0.000035
FILLER_10_68,VGND,li1,42.0900,38.0800,0.000035
FILLER_10_65,VGND,li1,40.7100,38.0800,0.000035
FILLER_10_62,VGND,li1,39.3300,38.0800,0.000034
FILLER_10_46,VGND,li1,31.9700,38.0800,0.000032
FILLER_10_26,VGND,li1,22.5400,38.0800,0.000019
FILLER_10_23,VGND,li1,21.3900,38.0800,0.000019
FILLER_10_15,VGND,li1,17.4800,38.0800,0.000015
FILLER_10_12,VGND,li1,16.3300,38.0800,0.000015
FILLER_10_9,VGND,li1,14.9500,38.0800,0.000015
FILLER_10_6,VGND,li1,13.5700,38.0800,0.000015
FILLER_10_3,VGND,li1,12.1900,38.0800,0.000015
FILLER_9_181,VGND,li1,94.0700,38.0800,0.000039
FILLER_9_178,VGND,li1,92.6900,38.0800,0.000038
FILLER_9_175,VGND,li1,91.3100,38.0800,0.000038
FILLER_9_172,VGND,li1,89.9300,38.0800,0.000036
FILLER_9_169,VGND,li1,88.5500,38.0800,0.000036
FILLER_9_167,VGND,li1,87.1700,38.0800,0.000035
FILLER_9_164,VGND,li1,86.2500,38.0800,0.000035
FILLER_9_161,VGND,li1,84.8700,38.0800,0.000034
FILLER_9_158,VGND,li1,83.4900,38.0800,0.000033
FILLER_9_155,VGND,li1,82.1100,38.0800,0.000033
FILLER_9_152,VGND,li1,80.7300,38.0800,0.000032
FILLER_9_149,VGND,li1,79.3500,38.0800,0.000031
FILLER_9_146,VGND,li1,77.9700,38.0800,0.000031
FILLER_9_143,VGND,li1,76.5900,38.0800,0.000041
FILLER_9_140,VGND,li1,75.2100,38.0800,0.000041
FILLER_9_137,VGND,li1,73.8300,38.0800,0.000047
FILLER_9_134,VGND,li1,72.4500,38.0800,0.000054
FILLER_9_131,VGND,li1,71.0700,38.0800,0.000054
FILLER_9_128,VGND,li1,69.6900,38.0800,0.000064
FILLER_9_116,VGND,li1,63.7100,38.0800,0.000061
FILLER_9_113,VGND,li1,62.7900,38.0800,0.000061
FILLER_9_110,VGND,li1,61.1800,38.0800,0.000061
FILLER_9_107,VGND,li1,60.0300,38.0800,0.000059
FILLER_9_104,VGND,li1,58.6500,38.0800,0.000058
FILLER_9_101,VGND,li1,57.2700,38.0800,0.000058
FILLER_9_80,VGND,li1,47.1500,38.0800,0.000036
FILLER_9_72,VGND,li1,43.9300,38.0800,0.000035
FILLER_9_69,VGND,li1,42.5500,38.0800,0.000035
FILLER_9_66,VGND,li1,41.1700,38.0800,0.000035
FILLER_9_63,VGND,li1,39.7900,38.0800,0.000034
FILLER_9_60,VGND,li1,38.4100,38.0800,0.000034
FILLER_9_57,VGND,li1,37.0300,38.0800,0.000033
FILLER_9_46,VGND,li1,31.9700,38.0800,0.000032
FILLER_9_26,VGND,li1,22.7700,38.0800,0.000019
FILLER_9_23,VGND,li1,21.3900,38.0800,0.000019
FILLER_9_20,VGND,li1,20.0100,38.0800,0.000015
FILLER_9_17,VGND,li1,18.6300,38.0800,0.000015
FILLER_9_14,VGND,li1,17.2500,38.0800,0.000015
FILLER_9_11,VGND,li1,15.8700,38.0800,0.000015
FILLER_8_181,VGND,li1,94.0700,32.6400,0.000024
FILLER_8_178,VGND,li1,92.6900,32.6400,0.000024
FILLER_8_175,VGND,li1,91.3100,32.6400,0.000023
FILLER_8_172,VGND,li1,89.9300,32.6400,0.000023
FILLER_8_169,VGND,li1,88.5500,32.6400,0.000022
FILLER_8_141,VGND,li1,75.2100,32.6400,0.000013
FILLER_8_137,VGND,li1,73.8300,32.6400,0.000013
FILLER_8_134,VGND,li1,72.4500,32.6400,0.000012
FILLER_8_131,VGND,li1,71.0700,32.6400,0.000012
FILLER_8_128,VGND,li1,69.6900,32.6400,0.000012
FILLER_8_125,VGND,li1,68.3100,32.6400,0.000011
FILLER_8_122,VGND,li1,66.9300,32.6400,0.000011
FILLER_8_119,VGND,li1,65.5500,32.6400,0.000010
FILLER_8_116,VGND,li1,64.1700,32.6400,0.000010
FILLER_8_113,VGND,li1,62.7900,32.6400,0.000009
FILLER_8_110,VGND,li1,61.4100,32.6400,0.000009
FILLER_8_102,VGND,li1,57.7300,32.6400,0.000007
FILLER_8_99,VGND,li1,56.3500,32.6400,0.000007
FILLER_8_91,VGND,li1,52.6700,32.6400,0.000005
FILLER_8_88,VGND,li1,51.2900,32.6400,0.000005
FILLER_8_85,VGND,li1,49.9100,32.6400,0.000004
FILLER_8_81,VGND,li1,48.0700,32.6400,0.000004
FILLER_8_78,VGND,li1,46.6900,32.6400,0.000004
FILLER_8_75,VGND,li1,45.3100,32.6400,0.000004
FILLER_8_72,VGND,li1,43.9300,32.6400,0.000004
FILLER_8_69,VGND,li1,42.5500,32.6400,0.000003
FILLER_8_66,VGND,li1,41.1700,32.6400,0.000003
FILLER_8_63,VGND,li1,39.7900,32.6400,0.000003
FILLER_8_60,VGND,li1,38.4100,32.6400,0.000003
FILLER_8_53,VGND,li1,34.9600,32.6400,0.000003
FILLER_8_50,VGND,li1,33.8100,32.6400,0.000003
FILLER_8_47,VGND,li1,32.4300,32.6400,0.000003
FILLER_8_44,VGND,li1,31.0500,32.6400,0.000002
FILLER_8_41,VGND,li1,29.6700,32.6400,0.000002
FILLER_8_38,VGND,li1,28.2900,32.6400,0.000002
FILLER_8_35,VGND,li1,26.9100,32.6400,0.000002
FILLER_8_32,VGND,li1,25.5300,32.6400,0.000002
FILLER_8_29,VGND,li1,24.1500,32.6400,0.000002
FILLER_8_27,VGND,li1,22.7700,32.6400,0.000001
FILLER_8_18,VGND,li1,19.0900,32.6400,0.000001
FILLER_8_15,VGND,li1,17.7100,32.6400,0.000001
FILLER_8_12,VGND,li1,16.3300,32.6400,0.000001
FILLER_8_9,VGND,li1,14.9500,32.6400,0.000001
FILLER_8_6,VGND,li1,13.5700,32.6400,0.000001
FILLER_8_3,VGND,li1,12.1900,32.6400,0.000001
FILLER_7_190,VGND,li1,97.9800,32.6400,0.000024
FILLER_7_187,VGND,li1,96.8300,32.6400,0.000024
FILLER_7_184,VGND,li1,95.4500,32.6400,0.000024
FILLER_7_181,VGND,li1,94.0700,32.6400,0.000024
FILLER_7_178,VGND,li1,92.6900,32.6400,0.000024
FILLER_7_175,VGND,li1,91.3100,32.6400,0.000023
FILLER_7_172,VGND,li1,89.9300,32.6400,0.000023
FILLER_7_169,VGND,li1,88.5500,32.6400,0.000022
FILLER_7_150,VGND,li1,79.3500,32.6400,0.000014
FILLER_7_147,VGND,li1,78.4300,32.6400,0.000013
FILLER_7_144,VGND,li1,77.0500,32.6400,0.000013
FILLER_7_119,VGND,li1,65.5500,32.6400,0.000010
FILLER_7_116,VGND,li1,64.1700,32.6400,0.000010
FILLER_7_113,VGND,li1,62.7900,32.6400,0.000009
FILLER_7_102,VGND,li1,57.2700,32.6400,0.000007
FILLER_7_99,VGND,li1,56.3500,32.6400,0.000007
FILLER_7_96,VGND,li1,54.9700,32.6400,0.000006
FILLER_7_93,VGND,li1,53.5900,32.6400,0.000006
FILLER_7_83,VGND,li1,48.7600,32.6400,0.000004
FILLER_7_80,VGND,li1,47.6100,32.6400,0.000004
FILLER_7_70,VGND,li1,42.7800,32.6400,0.000003
FILLER_7_67,VGND,li1,41.6300,32.6400,0.000003
FILLER_7_57,VGND,li1,36.8000,32.6400,0.000003
FILLER_7_54,VGND,li1,35.4200,32.6400,0.000003
FILLER_7_51,VGND,li1,34.2700,32.6400,0.000003
FILLER_7_48,VGND,li1,32.8900,32.6400,0.000003
FILLER_7_45,VGND,li1,31.5100,32.6400,0.000003
FILLER_7_42,VGND,li1,30.1300,32.6400,0.000002
FILLER_7_39,VGND,li1,28.7500,32.6400,0.000002
FILLER_7_36,VGND,li1,27.3700,32.6400,0.000002
FILLER_7_33,VGND,li1,25.9900,32.6400,0.000002
FILLER_7_30,VGND,li1,24.6100,32.6400,0.000002
FILLER_7_27,VGND,li1,23.2300,32.6400,0.000002
FILLER_7_24,VGND,li1,21.8500,32.6400,0.000001
FILLER_7_21,VGND,li1,20.4700,32.6400,0.000001
FILLER_7_18,VGND,li1,19.0900,32.6400,0.000001
FILLER_7_15,VGND,li1,17.7100,32.6400,0.000001
FILLER_7_12,VGND,li1,16.3300,32.6400,0.000001
FILLER_7_9,VGND,li1,14.9500,32.6400,0.000001
FILLER_7_6,VGND,li1,13.5700,32.6400,0.000001
FILLER_7_3,VGND,li1,12.1900,32.6400,0.000001
FILLER_6_181,VGND,li1,94.0700,27.2000,0.000022
FILLER_6_178,VGND,li1,92.6900,27.2000,0.000022
FILLER_6_175,VGND,li1,91.3100,27.2000,0.000021
FILLER_6_172,VGND,li1,89.9300,27.2000,0.000021
FILLER_6_169,VGND,li1,88.5500,27.2000,0.000020
FILLER_6_166,VGND,li1,87.1700,27.2000,0.000019
FILLER_6_163,VGND,li1,85.7900,27.2000,0.000019
FILLER_6_160,VGND,li1,84.4100,27.2000,0.000017
FILLER_6_157,VGND,li1,83.0300,27.2000,0.000015
FILLER_6_154,VGND,li1,81.6500,27.2000,0.000015
FILLER_6_147,VGND,li1,77.9700,27.2000,0.000011
FILLER_6_144,VGND,li1,77.0500,27.2000,0.000011
FILLER_6_141,VGND,li1,75.6700,27.2000,0.000011
FILLER_6_137,VGND,li1,73.8300,27.2000,0.000011
FILLER_6_129,VGND,li1,70.1500,27.2000,0.000010
FILLER_6_126,VGND,li1,68.7700,27.2000,0.000010
FILLER_6_123,VGND,li1,67.3900,27.2000,0.000010
FILLER_6_120,VGND,li1,66.0100,27.2000,0.000010
FILLER_6_117,VGND,li1,64.6300,27.2000,0.000010
FILLER_6_114,VGND,li1,63.2500,27.2000,0.000009
FILLER_6_105,VGND,li1,58.6500,27.2000,0.000009
FILLER_6_85,VGND,li1,49.6800,27.2000,0.000004
FILLER_6_81,VGND,li1,48.0700,27.2000,0.000004
FILLER_6_78,VGND,li1,46.6900,27.2000,0.000004
FILLER_6_75,VGND,li1,45.3100,27.2000,0.000004
FILLER_6_66,VGND,li1,41.1700,27.2000,0.000004
FILLER_6_63,VGND,li1,39.7900,27.2000,0.000004
FILLER_6_53,VGND,li1,35.1900,27.2000,0.000003
FILLER_6_50,VGND,li1,33.8100,27.2000,0.000003
FILLER_6_47,VGND,li1,32.4300,27.2000,0.000003
FILLER_6_44,VGND,li1,31.0500,27.2000,0.000003
FILLER_6_41,VGND,li1,29.6700,27.2000,0.000002
FILLER_6_38,VGND,li1,28.2900,27.2000,0.000002
FILLER_6_35,VGND,li1,26.9100,27.2000,0.000002
FILLER_6_32,VGND,li1,25.5300,27.2000,0.000002
FILLER_6_29,VGND,li1,24.1500,27.2000,0.000002
FILLER_6_27,VGND,li1,22.7700,27.2000,0.000001
FILLER_6_24,VGND,li1,21.8500,27.2000,0.000001
FILLER_6_21,VGND,li1,20.4700,27.2000,0.000001
FILLER_6_18,VGND,li1,19.0900,27.2000,0.000001
FILLER_6_15,VGND,li1,17.7100,27.2000,0.000001
FILLER_6_12,VGND,li1,16.3300,27.2000,0.000001
FILLER_6_9,VGND,li1,14.9500,27.2000,0.000001
FILLER_6_6,VGND,li1,13.5700,27.2000,0.000001
FILLER_6_3,VGND,li1,12.1900,27.2000,0.000001
FILLER_5_178,VGND,li1,92.4600,27.2000,0.000022
FILLER_5_175,VGND,li1,91.3100,27.2000,0.000021
FILLER_5_172,VGND,li1,89.9300,27.2000,0.000021
FILLER_5_169,VGND,li1,88.5500,27.2000,0.000020
FILLER_5_150,VGND,li1,79.3500,27.2000,0.000011
FILLER_5_147,VGND,li1,78.4300,27.2000,0.000011
FILLER_5_144,VGND,li1,77.0500,27.2000,0.000011
FILLER_5_141,VGND,li1,75.6700,27.2000,0.000011
FILLER_5_138,VGND,li1,74.2900,27.2000,0.000011
FILLER_5_125,VGND,li1,68.3100,27.2000,0.000010
FILLER_5_122,VGND,li1,66.9300,27.2000,0.000010
FILLER_5_119,VGND,li1,65.5500,27.2000,0.000010
FILLER_5_116,VGND,li1,64.1700,27.2000,0.000009
FILLER_5_113,VGND,li1,62.7900,27.2000,0.000009
FILLER_5_111,VGND,li1,61.4100,27.2000,0.000009
FILLER_5_108,VGND,li1,60.4900,27.2000,0.000009
FILLER_5_105,VGND,li1,59.1100,27.2000,0.000009
FILLER_5_102,VGND,li1,57.7300,27.2000,0.000008
FILLER_5_99,VGND,li1,56.3500,27.2000,0.000008
FILLER_5_96,VGND,li1,54.9700,27.2000,0.000007
FILLER_5_93,VGND,li1,53.5900,27.2000,0.000007
FILLER_5_82,VGND,li1,48.5300,27.2000,0.000004
FILLER_5_75,VGND,li1,45.0800,27.2000,0.000004
FILLER_5_72,VGND,li1,43.9300,27.2000,0.000004
FILLER_5_69,VGND,li1,42.5500,27.2000,0.000004
FILLER_5_66,VGND,li1,41.1700,27.2000,0.000004
FILLER_5_63,VGND,li1,39.7900,27.2000,0.000004
FILLER_5_60,VGND,li1,38.4100,27.2000,0.000004
FILLER_5_57,VGND,li1,37.0300,27.2000,0.000003
FILLER_5_54,VGND,li1,35.4200,27.2000,0.000003
FILLER_5_51,VGND,li1,34.2700,27.2000,0.000003
FILLER_5_48,VGND,li1,32.8900,27.2000,0.000003
FILLER_5_45,VGND,li1,31.5100,27.2000,0.000003
FILLER_5_42,VGND,li1,30.1300,27.2000,0.000003
FILLER_5_39,VGND,li1,28.7500,27.2000,0.000002
FILLER_5_36,VGND,li1,27.3700,27.2000,0.000002
FILLER_5_33,VGND,li1,25.9900,27.2000,0.000002
FILLER_5_30,VGND,li1,24.6100,27.2000,0.000002
FILLER_5_27,VGND,li1,23.2300,27.2000,0.000001
FILLER_5_24,VGND,li1,21.8500,27.2000,0.000001
FILLER_5_21,VGND,li1,20.4700,27.2000,0.000001
FILLER_5_18,VGND,li1,19.0900,27.2000,0.000001
FILLER_5_15,VGND,li1,17.7100,27.2000,0.000001
FILLER_5_12,VGND,li1,16.3300,27.2000,0.000001
FILLER_5_9,VGND,li1,14.9500,27.2000,0.000001
FILLER_5_6,VGND,li1,13.5700,27.2000,0.000001
FILLER_5_3,VGND,li1,12.1900,27.2000,0.000001
FILLER_4_189,VGND,li1,97.7500,21.7600,0.000002
FILLER_4_186,VGND,li1,96.3700,21.7600,0.000002
FILLER_4_183,VGND,li1,94.9900,21.7600,0.000002
FILLER_4_180,VGND,li1,93.6100,21.7600,0.000002
FILLER_4_177,VGND,li1,92.2300,21.7600,0.000002
FILLER_4_174,VGND,li1,90.8500,21.7600,0.000002
FILLER_4_171,VGND,li1,89.4700,21.7600,0.000002
FILLER_4_168,VGND,li1,88.0900,21.7600,0.000002
FILLER_4_165,VGND,li1,86.7100,21.7600,0.000002
FILLER_4_162,VGND,li1,85.3300,21.7600,0.000002
FILLER_4_159,VGND,li1,83.9500,21.7600,0.000002
FILLER_4_156,VGND,li1,82.5700,21.7600,0.000002
FILLER_4_153,VGND,li1,81.1900,21.7600,0.000002
FILLER_4_150,VGND,li1,79.8100,21.7600,0.000002
FILLER_4_147,VGND,li1,78.4300,21.7600,0.000002
FILLER_4_144,VGND,li1,77.0500,21.7600,0.000003
FILLER_4_141,VGND,li1,75.6700,21.7600,0.000003
FILLER_4_139,VGND,li1,74.2900,21.7600,0.000003
FILLER_4_136,VGND,li1,73.3700,21.7600,0.000004
FILLER_4_133,VGND,li1,71.9900,21.7600,0.000004
FILLER_4_130,VGND,li1,70.6100,21.7600,0.000004
FILLER_4_127,VGND,li1,69.2300,21.7600,0.000005
FILLER_4_124,VGND,li1,67.8500,21.7600,0.000005
FILLER_4_121,VGND,li1,66.4700,21.7600,0.000005
FILLER_4_118,VGND,li1,65.0900,21.7600,0.000005
FILLER_4_115,VGND,li1,63.7100,21.7600,0.000005
FILLER_4_100,VGND,li1,56.5800,21.7600,0.000005
FILLER_4_97,VGND,li1,55.4300,21.7600,0.000005
FILLER_4_94,VGND,li1,54.0500,21.7600,0.000005
FILLER_4_91,VGND,li1,52.6700,21.7600,0.000005
FILLER_4_88,VGND,li1,51.2900,21.7600,0.000004
FILLER_4_81,VGND,li1,48.0700,21.7600,0.000004
FILLER_4_70,VGND,li1,42.5500,21.7600,0.000007
FILLER_4_56,VGND,li1,36.1100,21.7600,0.000008
FILLER_4_53,VGND,li1,35.1900,21.7600,0.000008
FILLER_4_50,VGND,li1,33.8100,21.7600,0.000008
FILLER_4_47,VGND,li1,32.4300,21.7600,0.000009
FILLER_4_44,VGND,li1,31.0500,21.7600,0.000009
FILLER_4_41,VGND,li1,29.6700,21.7600,0.000008
FILLER_4_38,VGND,li1,28.2900,21.7600,0.000008
FILLER_4_35,VGND,li1,26.9100,21.7600,0.000007
FILLER_4_32,VGND,li1,25.5300,21.7600,0.000006
FILLER_4_29,VGND,li1,24.1500,21.7600,0.000006
FILLER_4_27,VGND,li1,22.7700,21.7600,0.000005
FILLER_4_24,VGND,li1,21.8500,21.7600,0.000005
FILLER_4_21,VGND,li1,20.4700,21.7600,0.000004
FILLER_4_18,VGND,li1,19.0900,21.7600,0.000004
FILLER_4_15,VGND,li1,17.7100,21.7600,0.000004
FILLER_4_12,VGND,li1,16.3300,21.7600,0.000004
FILLER_4_9,VGND,li1,14.9500,21.7600,0.000004
FILLER_4_6,VGND,li1,13.5700,21.7600,0.000004
FILLER_4_3,VGND,li1,12.1900,21.7600,0.000004
FILLER_3_190,VGND,li1,97.9800,21.7600,0.000002
FILLER_3_187,VGND,li1,96.8300,21.7600,0.000002
FILLER_3_184,VGND,li1,95.4500,21.7600,0.000002
FILLER_3_181,VGND,li1,94.0700,21.7600,0.000002
FILLER_3_178,VGND,li1,92.6900,21.7600,0.000002
FILLER_3_175,VGND,li1,91.3100,21.7600,0.000002
FILLER_3_172,VGND,li1,89.9300,21.7600,0.000002
FILLER_3_169,VGND,li1,88.5500,21.7600,0.000002
FILLER_3_167,VGND,li1,87.1700,21.7600,0.000002
FILLER_3_164,VGND,li1,86.2500,21.7600,0.000002
FILLER_3_161,VGND,li1,84.8700,21.7600,0.000002
FILLER_3_158,VGND,li1,83.4900,21.7600,0.000002
FILLER_3_155,VGND,li1,82.1100,21.7600,0.000002
FILLER_3_152,VGND,li1,80.7300,21.7600,0.000002
FILLER_3_149,VGND,li1,79.3500,21.7600,0.000002
FILLER_3_146,VGND,li1,77.9700,21.7600,0.000003
FILLER_3_143,VGND,li1,76.5900,21.7600,0.000003
FILLER_3_124,VGND,li1,67.6200,21.7600,0.000005
FILLER_3_107,VGND,li1,59.8000,21.7600,0.000005
FILLER_3_104,VGND,li1,58.6500,21.7600,0.000005
FILLER_3_101,VGND,li1,57.2700,21.7600,0.000005
FILLER_3_93,VGND,li1,53.3600,21.7600,0.000005
FILLER_3_90,VGND,li1,52.2100,21.7600,0.000005
FILLER_3_87,VGND,li1,50.8300,21.7600,0.000004
FILLER_3_84,VGND,li1,49.4500,21.7600,0.000004
FILLER_3_81,VGND,li1,48.0700,21.7600,0.000004
FILLER_3_78,VGND,li1,46.6900,21.7600,0.000005
FILLER_3_75,VGND,li1,45.3100,21.7600,0.000006
FILLER_3_69,VGND,li1,42.5500,21.7600,0.000007
FILLER_3_66,VGND,li1,41.1700,21.7600,0.000007
FILLER_3_63,VGND,li1,39.7900,21.7600,0.000007
FILLER_3_60,VGND,li1,38.4100,21.7600,0.000007
FILLER_3_57,VGND,li1,37.0300,21.7600,0.000008
FILLER_3_36,VGND,li1,27.3700,21.7600,0.000007
FILLER_3_33,VGND,li1,25.9900,21.7600,0.000007
FILLER_3_30,VGND,li1,24.6100,21.7600,0.000006
FILLER_3_27,VGND,li1,23.2300,21.7600,0.000005
FILLER_3_24,VGND,li1,21.8500,21.7600,0.000005
FILLER_3_21,VGND,li1,20.4700,21.7600,0.000004
FILLER_3_18,VGND,li1,19.0900,21.7600,0.000004
FILLER_3_15,VGND,li1,17.7100,21.7600,0.000004
FILLER_3_12,VGND,li1,16.3300,21.7600,0.000004
FILLER_3_9,VGND,li1,14.9500,21.7600,0.000004
FILLER_3_6,VGND,li1,13.5700,21.7600,0.000004
FILLER_3_3,VGND,li1,12.1900,21.7600,0.000004
FILLER_2_189,VGND,li1,97.7500,16.3200,0.000013
FILLER_2_186,VGND,li1,96.3700,16.3200,0.000013
FILLER_2_183,VGND,li1,94.9900,16.3200,0.000013
FILLER_2_180,VGND,li1,93.6100,16.3200,0.000013
FILLER_2_177,VGND,li1,92.2300,16.3200,0.000013
FILLER_2_174,VGND,li1,90.8500,16.3200,0.000013
FILLER_2_171,VGND,li1,89.4700,16.3200,0.000013
FILLER_2_168,VGND,li1,88.0900,16.3200,0.000013
FILLER_2_165,VGND,li1,86.7100,16.3200,0.000013
FILLER_2_162,VGND,li1,85.3300,16.3200,0.000013
FILLER_2_159,VGND,li1,83.9500,16.3200,0.000013
FILLER_2_156,VGND,li1,82.5700,16.3200,0.000013
FILLER_2_153,VGND,li1,81.1900,16.3200,0.000013
FILLER_2_150,VGND,li1,79.8100,16.3200,0.000012
FILLER_2_147,VGND,li1,78.4300,16.3200,0.000013
FILLER_2_144,VGND,li1,77.0500,16.3200,0.000013
FILLER_2_141,VGND,li1,75.6700,16.3200,0.000015
FILLER_2_133,VGND,li1,71.5300,16.3200,0.000018
FILLER_2_130,VGND,li1,70.6100,16.3200,0.000018
FILLER_2_127,VGND,li1,69.2300,16.3200,0.000018
FILLER_2_124,VGND,li1,67.8500,16.3200,0.000019
FILLER_2_121,VGND,li1,66.4700,16.3200,0.000019
FILLER_2_118,VGND,li1,65.0900,16.3200,0.000020
FILLER_2_85,VGND,li1,49.9100,16.3200,0.000012
FILLER_2_82,VGND,li1,48.3000,16.3200,0.000012
FILLER_2_79,VGND,li1,47.1500,16.3200,0.000013
FILLER_2_76,VGND,li1,45.7700,16.3200,0.000013
FILLER_2_73,VGND,li1,44.3900,16.3200,0.000013
FILLER_2_70,VGND,li1,43.0100,16.3200,0.000014
FILLER_2_67,VGND,li1,41.6300,16.3200,0.000014
FILLER_2_64,VGND,li1,40.2500,16.3200,0.000014
FILLER_2_61,VGND,li1,38.8700,16.3200,0.000015
FILLER_2_35,VGND,li1,26.4500,16.3200,0.000011
FILLER_2_32,VGND,li1,25.5300,16.3200,0.000011
FILLER_2_29,VGND,li1,24.1500,16.3200,0.000010
FILLER_2_27,VGND,li1,22.7700,16.3200,0.000008
FILLER_2_24,VGND,li1,21.8500,16.3200,0.000008
FILLER_2_21,VGND,li1,20.4700,16.3200,0.000006
FILLER_2_18,VGND,li1,19.0900,16.3200,0.000006
FILLER_2_15,VGND,li1,17.7100,16.3200,0.000006
FILLER_2_12,VGND,li1,16.3300,16.3200,0.000006
FILLER_2_9,VGND,li1,14.9500,16.3200,0.000006
FILLER_2_6,VGND,li1,13.5700,16.3200,0.000006
FILLER_2_3,VGND,li1,12.1900,16.3200,0.000006
FILLER_1_190,VGND,li1,97.9800,16.3200,0.000013
FILLER_1_187,VGND,li1,96.8300,16.3200,0.000013
FILLER_1_184,VGND,li1,95.4500,16.3200,0.000013
FILLER_1_181,VGND,li1,94.0700,16.3200,0.000013
FILLER_1_178,VGND,li1,92.6900,16.3200,0.000013
FILLER_1_175,VGND,li1,91.3100,16.3200,0.000013
FILLER_1_172,VGND,li1,89.9300,16.3200,0.000013
FILLER_1_169,VGND,li1,88.5500,16.3200,0.000013
FILLER_1_165,VGND,li1,86.7100,16.3200,0.000013
FILLER_1_162,VGND,li1,85.3300,16.3200,0.000013
FILLER_1_119,VGND,li1,65.5500,16.3200,0.000020
FILLER_1_116,VGND,li1,64.1700,16.3200,0.000020
FILLER_1_113,VGND,li1,62.7900,16.3200,0.000020
FILLER_1_93,VGND,li1,53.3600,16.3200,0.000019
FILLER_1_78,VGND,li1,46.2300,16.3200,0.000013
FILLER_1_75,VGND,li1,45.3100,16.3200,0.000013
FILLER_1_72,VGND,li1,43.9300,16.3200,0.000014
FILLER_1_69,VGND,li1,42.5500,16.3200,0.000014
FILLER_1_66,VGND,li1,41.1700,16.3200,0.000014
FILLER_1_63,VGND,li1,39.7900,16.3200,0.000015
FILLER_1_60,VGND,li1,38.4100,16.3200,0.000015
FILLER_1_57,VGND,li1,37.0300,16.3200,0.000016
FILLER_1_54,VGND,li1,35.4200,16.3200,0.000016
FILLER_1_39,VGND,li1,28.2900,16.3200,0.000013
FILLER_1_24,VGND,li1,21.3900,16.3200,0.000008
FILLER_1_21,VGND,li1,20.4700,16.3200,0.000006
FILLER_1_18,VGND,li1,19.0900,16.3200,0.000006
FILLER_1_15,VGND,li1,17.7100,16.3200,0.000006
FILLER_1_12,VGND,li1,16.3300,16.3200,0.000006
FILLER_1_9,VGND,li1,14.9500,16.3200,0.000006
FILLER_1_6,VGND,li1,13.5700,16.3200,0.000006
FILLER_1_3,VGND,li1,12.1900,16.3200,0.000006
FILLER_0_189,VGND,li1,97.7500,10.8800,0.000002
FILLER_0_186,VGND,li1,96.3700,10.8800,0.000002
FILLER_0_183,VGND,li1,94.9900,10.8800,0.000002
FILLER_0_180,VGND,li1,93.6100,10.8800,0.000002
FILLER_0_177,VGND,li1,92.2300,10.8800,0.000002
FILLER_0_165,VGND,li1,86.7100,10.8800,0.000002
FILLER_0_162,VGND,li1,85.3300,10.8800,0.000002
FILLER_0_159,VGND,li1,83.9500,10.8800,0.000002
FILLER_0_156,VGND,li1,82.5700,10.8800,0.000001
FILLER_0_153,VGND,li1,81.1900,10.8800,0.000001
FILLER_0_144,VGND,li1,76.5900,10.8800,0.000001
FILLER_0_141,VGND,li1,75.6700,10.8800,0.000001
FILLER_0_137,VGND,li1,73.8300,10.8800,0.000001
FILLER_0_134,VGND,li1,72.4500,10.8800,0.000001
FILLER_0_131,VGND,li1,71.0700,10.8800,0.000001
FILLER_0_128,VGND,li1,69.6900,10.8800,0.000001
FILLER_0_125,VGND,li1,68.3100,10.8800,0.000001
FILLER_0_122,VGND,li1,66.9300,10.8800,0.000001
FILLER_0_119,VGND,li1,65.5500,10.8800,0.000001
FILLER_0_116,VGND,li1,64.1700,10.8800,0.000001
FILLER_0_113,VGND,li1,62.7900,10.8800,0.000001
FILLER_0_111,VGND,li1,61.4100,10.8800,0.000001
FILLER_0_108,VGND,li1,60.4900,10.8800,0.000001
FILLER_0_105,VGND,li1,59.1100,10.8800,0.000001
FILLER_0_95,VGND,li1,54.2800,10.8800,0.000001
FILLER_0_85,VGND,li1,49.6800,10.8800,0.000001
FILLER_0_81,VGND,li1,48.0700,10.8800,0.000001
FILLER_0_78,VGND,li1,46.6900,10.8800,0.000001
FILLER_0_75,VGND,li1,45.3100,10.8800,0.000001
FILLER_0_72,VGND,li1,43.9300,10.8800,0.000001
FILLER_0_69,VGND,li1,42.5500,10.8800,0.000001
FILLER_0_66,VGND,li1,41.1700,10.8800,0.000001
FILLER_0_63,VGND,li1,39.7900,10.8800,0.000001
FILLER_0_60,VGND,li1,38.4100,10.8800,0.000001
FILLER_0_57,VGND,li1,37.0300,10.8800,0.000001
FILLER_0_54,VGND,li1,35.4200,10.8800,0.000001
FILLER_0_51,VGND,li1,34.2700,10.8800,0.000001
FILLER_0_32,VGND,li1,25.5300,10.8800,0.000001
FILLER_0_29,VGND,li1,24.1500,10.8800,0.000001
FILLER_0_27,VGND,li1,22.7700,10.8800,0.000001
FILLER_0_24,VGND,li1,21.8500,10.8800,0.000001
FILLER_0_21,VGND,li1,20.4700,10.8800,0.000001
FILLER_0_18,VGND,li1,19.0900,10.8800,0.000001
FILLER_0_15,VGND,li1,17.7100,10.8800,0.000001
FILLER_0_12,VGND,li1,16.3300,10.8800,0.000001
FILLER_0_9,VGND,li1,14.9500,10.8800,0.000001
FILLER_0_6,VGND,li1,13.5700,10.8800,0.000001
FILLER_0_3,VGND,li1,12.1900,10.8800,0.000001
hold39,VGND,li1,61.1800,21.7600,0.000005
clkload1,VGND,li1,54.2800,70.7200,0.000046
clkload0,VGND,li1,64.8600,43.5200,0.000019
clkbuf_2_3__f_clk,VGND,li1,57.5000,70.7200,0.000052
clkbuf_2_2__f_clk,VGND,li1,41.4000,65.2800,0.000041
clkbuf_2_1__f_clk,VGND,li1,68.0800,38.0800,0.000064
clkbuf_2_0__f_clk,VGND,li1,51.9800,38.0800,0.000055
clkbuf_0_clk,VGND,li1,57.5000,54.4000,0.000050
fanout38,VGND,li1,28.5200,16.3200,0.000013
fanout37,VGND,li1,17.4800,59.8400,0.000010
fanout36,VGND,li1,51.0600,16.3200,0.000016
fanout35,VGND,li1,30.3600,16.3200,0.000014
max_cap34,VGND,li1,37.4900,59.8400,0.000015
fanout33,VGND,li1,39.5600,43.5200,0.000006
output32,VGND,li1,96.6000,38.0800,0.000040
output31,VGND,li1,96.6000,27.2000,0.000024
output30,VGND,li1,96.6000,32.6400,0.000024
output29,VGND,li1,96.6000,43.5200,0.000028
output28,VGND,li1,96.6000,43.5200,0.000028
output27,VGND,li1,96.6000,54.4000,0.000020
output26,VGND,li1,96.6000,76.1600,0.000015
output25,VGND,li1,96.6000,81.6000,0.000008
output24,VGND,li1,96.6000,70.7200,0.000034
output23,VGND,li1,78.6600,10.8800,0.000001
output22,VGND,li1,96.6000,27.2000,0.000024
output21,VGND,li1,89.7000,10.8800,0.000002
input20,VGND,li1,26.2200,16.3200,0.000011
input19,VGND,li1,13.3400,54.4000,0.000010
input18,VGND,li1,13.3400,65.2800,0.000015
input17,VGND,li1,13.3400,59.8400,0.000010
input16,VGND,li1,56.5800,10.8800,0.000001
input15,VGND,li1,31.7400,10.8800,0.000001
input14,VGND,li1,13.3400,43.5200,0.000002
input13,VGND,li1,13.3400,54.4000,0.000010
input12,VGND,li1,13.3400,65.2800,0.000015
input11,VGND,li1,57.5000,97.9200,0.000001
input10,VGND,li1,39.1000,97.9200,0.000001
input9,VGND,li1,31.7400,97.9200,0.000001
input8,VGND,li1,51.9800,10.8800,0.000001
input7,VGND,li1,28.0600,10.8800,0.000001
input6,VGND,li1,13.3400,38.0800,0.000015
input5,VGND,li1,13.3400,48.9600,0.000009
input4,VGND,li1,13.3400,76.1600,0.000005
input3,VGND,li1,53.8200,97.9200,0.000001
input2,VGND,li1,42.7800,97.9200,0.000001
input1,VGND,li1,13.3400,81.6000,0.000004
TAP_TAPCELL_ROW_31_165,VGND,li1,87.6300,97.6280,0.000000
TAP_TAPCELL_ROW_31_164,VGND,li1,74.7500,97.6280,0.000001
TAP_TAPCELL_ROW_31_163,VGND,li1,61.8700,97.6280,0.000001
TAP_TAPCELL_ROW_31_162,VGND,li1,48.9900,97.6280,0.000001
TAP_TAPCELL_ROW_31_161,VGND,li1,36.1100,97.6280,0.000001
TAP_TAPCELL_ROW_31_160,VGND,li1,23.2300,97.6280,0.000001
TAP_TAPCELL_ROW_30_159,VGND,li1,74.7500,92.7710,0.000005
TAP_TAPCELL_ROW_30_158,VGND,li1,48.9900,92.7710,0.000010
TAP_TAPCELL_ROW_30_157,VGND,li1,23.2300,92.7710,0.000005
TAP_TAPCELL_ROW_29_156,VGND,li1,87.6300,92.1880,0.000003
TAP_TAPCELL_ROW_29_155,VGND,li1,61.8700,92.1880,0.000010
TAP_TAPCELL_ROW_29_154,VGND,li1,36.1100,92.1880,0.000012
TAP_TAPCELL_ROW_28_153,VGND,li1,74.7500,87.3310,0.000003
TAP_TAPCELL_ROW_28_152,VGND,li1,48.9900,87.3310,0.000004
TAP_TAPCELL_ROW_28_151,VGND,li1,23.2300,87.3310,0.000001
TAP_TAPCELL_ROW_27_150,VGND,li1,87.6300,86.7480,0.000002
TAP_TAPCELL_ROW_27_149,VGND,li1,61.8700,86.7480,0.000006
TAP_TAPCELL_ROW_27_148,VGND,li1,36.1100,86.7480,0.000003
TAP_TAPCELL_ROW_26_147,VGND,li1,74.7500,81.8910,0.000004
TAP_TAPCELL_ROW_26_146,VGND,li1,48.9900,81.8910,0.000006
TAP_TAPCELL_ROW_26_145,VGND,li1,23.2300,81.8910,0.000005
TAP_TAPCELL_ROW_25_144,VGND,li1,87.6300,81.3080,0.000006
TAP_TAPCELL_ROW_25_143,VGND,li1,61.8700,81.3080,0.000007
TAP_TAPCELL_ROW_25_142,VGND,li1,36.1100,81.3080,0.000010
TAP_TAPCELL_ROW_24_141,VGND,li1,74.7500,76.4510,0.000009
TAP_TAPCELL_ROW_24_140,VGND,li1,48.9900,76.4510,0.000006
TAP_TAPCELL_ROW_24_139,VGND,li1,23.2300,76.4510,0.000007
TAP_TAPCELL_ROW_23_138,VGND,li1,87.6300,75.8680,0.000012
TAP_TAPCELL_ROW_23_137,VGND,li1,61.8700,75.8680,0.000009
TAP_TAPCELL_ROW_23_136,VGND,li1,36.1100,75.8680,0.000008
TAP_TAPCELL_ROW_22_135,VGND,li1,74.7500,71.0110,0.000031
TAP_TAPCELL_ROW_22_134,VGND,li1,48.9900,71.0110,0.000026
TAP_TAPCELL_ROW_22_133,VGND,li1,23.2300,71.0110,0.000014
TAP_TAPCELL_ROW_21_132,VGND,li1,87.6300,70.4280,0.000033
TAP_TAPCELL_ROW_21_131,VGND,li1,61.8700,70.4280,0.000046
TAP_TAPCELL_ROW_21_130,VGND,li1,36.1100,70.4280,0.000022
TAP_TAPCELL_ROW_20_129,VGND,li1,74.7500,65.5710,0.000006
TAP_TAPCELL_ROW_20_128,VGND,li1,48.9900,65.5710,0.000019
TAP_TAPCELL_ROW_20_127,VGND,li1,23.2300,65.5710,0.000024
TAP_TAPCELL_ROW_19_126,VGND,li1,87.6300,64.9880,0.000004
TAP_TAPCELL_ROW_19_125,VGND,li1,61.8700,64.9880,0.000012
TAP_TAPCELL_ROW_19_124,VGND,li1,36.1100,64.9880,0.000037
TAP_TAPCELL_ROW_18_123,VGND,li1,74.7500,60.1310,0.000004
TAP_TAPCELL_ROW_18_122,VGND,li1,48.9900,60.1310,0.000008
TAP_TAPCELL_ROW_18_121,VGND,li1,23.2300,60.1310,0.000015
TAP_TAPCELL_ROW_17_120,VGND,li1,87.6300,59.5480,0.000003
TAP_TAPCELL_ROW_17_119,VGND,li1,61.8700,59.5480,0.000007
TAP_TAPCELL_ROW_17_118,VGND,li1,36.1100,59.5480,0.000016
TAP_TAPCELL_ROW_16_117,VGND,li1,74.7500,54.6910,0.000022
TAP_TAPCELL_ROW_16_116,VGND,li1,48.9900,54.6910,0.000023
TAP_TAPCELL_ROW_16_115,VGND,li1,23.2300,54.6910,0.000014
TAP_TAPCELL_ROW_15_114,VGND,li1,87.6300,54.1080,0.000018
TAP_TAPCELL_ROW_15_113,VGND,li1,61.8700,54.1080,0.000043
TAP_TAPCELL_ROW_15_112,VGND,li1,36.1100,54.1080,0.000020
TAP_TAPCELL_ROW_14_111,VGND,li1,74.7500,49.2510,0.000008
TAP_TAPCELL_ROW_14_110,VGND,li1,48.9900,49.2510,0.000007
TAP_TAPCELL_ROW_14_109,VGND,li1,23.2300,49.2510,0.000013
TAP_TAPCELL_ROW_13_108,VGND,li1,87.6300,48.6680,0.000008
TAP_TAPCELL_ROW_13_107,VGND,li1,61.8700,48.6680,0.000009
TAP_TAPCELL_ROW_13_106,VGND,li1,36.1100,48.6680,0.000012
TAP_TAPCELL_ROW_12_105,VGND,li1,74.7500,43.8110,0.000018
TAP_TAPCELL_ROW_12_104,VGND,li1,48.9900,43.8110,0.000006
TAP_TAPCELL_ROW_12_103,VGND,li1,23.2300,43.8110,0.000003
TAP_TAPCELL_ROW_11_102,VGND,li1,87.6300,43.2280,0.000023
TAP_TAPCELL_ROW_11_101,VGND,li1,61.8700,43.2280,0.000017
TAP_TAPCELL_ROW_11_100,VGND,li1,36.1100,43.2280,0.000005
TAP_TAPCELL_ROW_10_99,VGND,li1,74.7500,38.3710,0.000047
TAP_TAPCELL_ROW_10_98,VGND,li1,48.9900,38.3710,0.000045
TAP_TAPCELL_ROW_10_97,VGND,li1,23.2300,38.3710,0.000023
TAP_TAPCELL_ROW_9_96,VGND,li1,87.6300,37.7880,0.000035
TAP_TAPCELL_ROW_9_95,VGND,li1,61.8700,37.7880,0.000061
TAP_TAPCELL_ROW_9_94,VGND,li1,36.1100,37.7880,0.000033
TAP_TAPCELL_ROW_8_93,VGND,li1,74.7500,32.9310,0.000013
TAP_TAPCELL_ROW_8_92,VGND,li1,48.9900,32.9310,0.000004
TAP_TAPCELL_ROW_8_91,VGND,li1,23.2300,32.9310,0.000002
TAP_TAPCELL_ROW_7_90,VGND,li1,87.6300,32.3480,0.000022
TAP_TAPCELL_ROW_7_89,VGND,li1,61.8700,32.3480,0.000009
TAP_TAPCELL_ROW_7_88,VGND,li1,36.1100,32.3480,0.000003
TAP_TAPCELL_ROW_6_87,VGND,li1,74.7500,27.4910,0.000011
TAP_TAPCELL_ROW_6_86,VGND,li1,48.9900,27.4910,0.000004
TAP_TAPCELL_ROW_6_85,VGND,li1,23.2300,27.4910,0.000001
TAP_TAPCELL_ROW_5_84,VGND,li1,87.6300,26.9080,0.000020
TAP_TAPCELL_ROW_5_83,VGND,li1,61.8700,26.9080,0.000009
TAP_TAPCELL_ROW_5_82,VGND,li1,36.1100,26.9080,0.000003
TAP_TAPCELL_ROW_4_81,VGND,li1,74.7500,22.0510,0.000003
TAP_TAPCELL_ROW_4_80,VGND,li1,48.9900,22.0510,0.000004
TAP_TAPCELL_ROW_4_79,VGND,li1,23.2300,22.0510,0.000005
TAP_TAPCELL_ROW_3_78,VGND,li1,87.6300,21.4680,0.000002
TAP_TAPCELL_ROW_3_77,VGND,li1,61.8700,21.4680,0.000005
TAP_TAPCELL_ROW_3_76,VGND,li1,36.1100,21.4680,0.000008
TAP_TAPCELL_ROW_2_75,VGND,li1,74.7500,16.6110,0.000015
TAP_TAPCELL_ROW_2_74,VGND,li1,48.9900,16.6110,0.000012
TAP_TAPCELL_ROW_2_73,VGND,li1,23.2300,16.6110,0.000010
TAP_TAPCELL_ROW_1_72,VGND,li1,87.6300,16.0280,0.000013
TAP_TAPCELL_ROW_1_71,VGND,li1,61.8700,16.0280,0.000020
TAP_TAPCELL_ROW_1_70,VGND,li1,36.1100,16.0280,0.000016
TAP_TAPCELL_ROW_0_69,VGND,li1,87.6300,11.1710,0.000002
TAP_TAPCELL_ROW_0_68,VGND,li1,74.7500,11.1710,0.000001
TAP_TAPCELL_ROW_0_67,VGND,li1,61.8700,11.1710,0.000001
TAP_TAPCELL_ROW_0_66,VGND,li1,48.9900,11.1710,0.000001
TAP_TAPCELL_ROW_0_65,VGND,li1,36.1100,11.1710,0.000001
TAP_TAPCELL_ROW_0_64,VGND,li1,23.2300,11.1710,0.000001
PHY_EDGE_ROW_31_Left_63,VGND,li1,10.8100,97.9200,0.000001
PHY_EDGE_ROW_30_Left_62,VGND,li1,10.8100,92.4800,0.000004
PHY_EDGE_ROW_29_Left_61,VGND,li1,10.8100,92.4800,0.000004
PHY_EDGE_ROW_28_Left_60,VGND,li1,10.8100,87.0400,0.000001
PHY_EDGE_ROW_27_Left_59,VGND,li1,10.8100,87.0400,0.000001
PHY_EDGE_ROW_26_Left_58,VGND,li1,10.8100,81.6000,0.000004
PHY_EDGE_ROW_25_Left_57,VGND,li1,10.8100,81.6000,0.000004
PHY_EDGE_ROW_24_Left_56,VGND,li1,10.8100,76.1600,0.000005
PHY_EDGE_ROW_23_Left_55,VGND,li1,10.8100,76.1600,0.000005
PHY_EDGE_ROW_22_Left_54,VGND,li1,10.8100,70.7200,0.000009
PHY_EDGE_ROW_21_Left_53,VGND,li1,10.8100,70.7200,0.000009
PHY_EDGE_ROW_20_Left_52,VGND,li1,10.8100,65.2800,0.000015
PHY_EDGE_ROW_19_Left_51,VGND,li1,10.8100,65.2800,0.000015
PHY_EDGE_ROW_18_Left_50,VGND,li1,10.8100,59.8400,0.000010
PHY_EDGE_ROW_17_Left_49,VGND,li1,10.8100,59.8400,0.000010
PHY_EDGE_ROW_16_Left_48,VGND,li1,10.8100,54.4000,0.000010
PHY_EDGE_ROW_15_Left_47,VGND,li1,10.8100,54.4000,0.000010
PHY_EDGE_ROW_14_Left_46,VGND,li1,10.8100,48.9600,0.000009
PHY_EDGE_ROW_13_Left_45,VGND,li1,10.8100,48.9600,0.000009
PHY_EDGE_ROW_12_Left_44,VGND,li1,10.8100,43.5200,0.000002
PHY_EDGE_ROW_11_Left_43,VGND,li1,10.8100,43.5200,0.000002
PHY_EDGE_ROW_10_Left_42,VGND,li1,10.8100,38.0800,0.000015
PHY_EDGE_ROW_9_Left_41,VGND,li1,10.8100,38.0800,0.000015
PHY_EDGE_ROW_8_Left_40,VGND,li1,10.8100,32.6400,0.000001
PHY_EDGE_ROW_7_Left_39,VGND,li1,10.8100,32.6400,0.000001
PHY_EDGE_ROW_6_Left_38,VGND,li1,10.8100,27.2000,0.000001
PHY_EDGE_ROW_5_Left_37,VGND,li1,10.8100,27.2000,0.000001
PHY_EDGE_ROW_4_Left_36,VGND,li1,10.8100,21.7600,0.000004
PHY_EDGE_ROW_3_Left_35,VGND,li1,10.8100,21.7600,0.000004
PHY_EDGE_ROW_2_Left_34,VGND,li1,10.8100,16.3200,0.000006
PHY_EDGE_ROW_1_Left_33,VGND,li1,10.8100,16.3200,0.000006
PHY_EDGE_ROW_0_Left_32,VGND,li1,10.8100,10.8800,0.000001
PHY_EDGE_ROW_31_Right_31,VGND,li1,99.1300,97.9200,0.000000
PHY_EDGE_ROW_30_Right_30,VGND,li1,99.1300,92.4800,0.000003
PHY_EDGE_ROW_29_Right_29,VGND,li1,99.1300,92.4800,0.000003
PHY_EDGE_ROW_28_Right_28,VGND,li1,99.1300,87.0400,0.000002
PHY_EDGE_ROW_27_Right_27,VGND,li1,99.1300,87.0400,0.000002
PHY_EDGE_ROW_26_Right_26,VGND,li1,99.1300,81.6000,0.000008
PHY_EDGE_ROW_25_Right_25,VGND,li1,99.1300,81.6000,0.000008
PHY_EDGE_ROW_24_Right_24,VGND,li1,99.1300,76.1600,0.000015
PHY_EDGE_ROW_23_Right_23,VGND,li1,99.1300,76.1600,0.000015
PHY_EDGE_ROW_22_Right_22,VGND,li1,99.1300,70.7200,0.000034
PHY_EDGE_ROW_21_Right_21,VGND,li1,99.1300,70.7200,0.000034
PHY_EDGE_ROW_20_Right_20,VGND,li1,99.1300,65.2800,0.000004
PHY_EDGE_ROW_19_Right_19,VGND,li1,99.1300,65.2800,0.000004
PHY_EDGE_ROW_18_Right_18,VGND,li1,99.1300,59.8400,0.000003
PHY_EDGE_ROW_17_Right_17,VGND,li1,99.1300,59.8400,0.000003
PHY_EDGE_ROW_16_Right_16,VGND,li1,99.1300,54.4000,0.000020
PHY_EDGE_ROW_15_Right_15,VGND,li1,99.1300,54.4000,0.000020
PHY_EDGE_ROW_14_Right_14,VGND,li1,99.1300,48.9600,0.000008
PHY_EDGE_ROW_13_Right_13,VGND,li1,99.1300,48.9600,0.000008
PHY_EDGE_ROW_12_Right_12,VGND,li1,99.1300,43.5200,0.000028
PHY_EDGE_ROW_11_Right_11,VGND,li1,99.1300,43.5200,0.000028
PHY_EDGE_ROW_10_Right_10,VGND,li1,99.1300,38.0800,0.000040
PHY_EDGE_ROW_9_Right_9,VGND,li1,99.1300,38.0800,0.000040
PHY_EDGE_ROW_8_Right_8,VGND,li1,99.1300,32.6400,0.000024
PHY_EDGE_ROW_7_Right_7,VGND,li1,99.1300,32.6400,0.000024
PHY_EDGE_ROW_6_Right_6,VGND,li1,99.1300,27.2000,0.000024
PHY_EDGE_ROW_5_Right_5,VGND,li1,99.1300,27.2000,0.000024
PHY_EDGE_ROW_4_Right_4,VGND,li1,99.1300,21.7600,0.000002
PHY_EDGE_ROW_3_Right_3,VGND,li1,99.1300,21.7600,0.000002
PHY_EDGE_ROW_2_Right_2,VGND,li1,99.1300,16.3200,0.000013
PHY_EDGE_ROW_1_Right_1,VGND,li1,99.1300,16.3200,0.000013
PHY_EDGE_ROW_0_Right_0,VGND,li1,99.1300,10.8800,0.000002
_324_,VGND,li1,93.8400,27.2000,0.000022
_323_,VGND,li1,27.3700,54.4000,0.000018
_322_,VGND,li1,26.4500,65.2800,0.000028
_321_,VGND,li1,24.6100,59.8400,0.000017
_320_,VGND,li1,57.7300,16.3200,0.000021
_319_,VGND,li1,31.9700,21.7600,0.000009
_318_,VGND,li1,27.3700,38.0800,0.000030
_317_,VGND,li1,27.3700,48.9600,0.000016
_316_,VGND,li1,27.3700,59.8400,0.000018
_315_,VGND,li1,57.2700,92.4800,0.000012
_314_,VGND,li1,41.1700,92.4800,0.000013
_313_,VGND,li1,33.3500,81.6000,0.000010
_312_,VGND,li1,54.5100,16.3200,0.000019
_311_,VGND,li1,34.2700,16.3200,0.000016
_310_,VGND,li1,27.3700,38.0800,0.000030
_309_,VGND,li1,25.9900,48.9600,0.000016
_308_,VGND,li1,27.3700,70.7200,0.000019
_307_,VGND,li1,55.4300,87.0400,0.000007
_306_,VGND,li1,44.8500,92.4800,0.000012
_305_,VGND,li1,27.3700,76.1600,0.000010
_304_,VGND,li1,83.4900,27.2000,0.000017
_303_,VGND,li1,83.9500,32.6400,0.000021
_302_,VGND,li1,80.7300,16.3200,0.000013
_301_,VGND,li1,83.4900,32.6400,0.000021
_300_,VGND,li1,78.4300,43.5200,0.000017
_299_,VGND,li1,81.6500,43.5200,0.000021
_298_,VGND,li1,80.7300,48.9600,0.000008
_297_,VGND,li1,80.7300,70.7200,0.000027
_296_,VGND,li1,80.7300,76.1600,0.000011
_295_,VGND,li1,88.5500,70.7200,0.000033
_294_,VGND,li1,72.9100,16.3200,0.000018
_293_,VGND,li1,43.9300,59.8400,0.000011
_292_,VGND,li1,56.8100,81.6000,0.000007
_291_,VGND,li1,51.2900,70.7200,0.000036
_290_,VGND,li1,69.4600,76.1600,0.000009
_289_,VGND,li1,68.5400,76.1600,0.000010
_288_,VGND,li1,59.1100,76.1600,0.000009
_287_,VGND,li1,53.5900,76.1600,0.000008
_286_,VGND,li1,48.3000,76.1600,0.000005
_285_,VGND,li1,43.2400,70.7200,0.000025
_284_,VGND,li1,38.4100,70.7200,0.000023
_283_,VGND,li1,33.1200,54.4000,0.000019
_282_,VGND,li1,44.8500,81.6000,0.000007
_281_,VGND,li1,44.8500,59.8400,0.000011
_280_,VGND,li1,56.5800,76.1600,0.000008
_279_,VGND,li1,54.0500,81.6000,0.000007
_278_,VGND,li1,46.9200,70.7200,0.000026
_277_,VGND,li1,38.8700,76.1600,0.000008
_276_,VGND,li1,37.4900,70.7200,0.000023
_275_,VGND,li1,35.6500,65.2800,0.000037
_274_,VGND,li1,68.3100,38.0800,0.000064
_273_,VGND,li1,38.1800,65.2800,0.000039
_272_,VGND,li1,34.2700,76.1600,0.000009
_271_,VGND,li1,33.8100,70.7200,0.000021
_270_,VGND,li1,42.0900,59.8400,0.000012
_269_,VGND,li1,33.5800,59.8400,0.000017
_268_,VGND,li1,67.6200,16.3200,0.000019
_267_,VGND,li1,70.1500,21.7600,0.000004
_266_,VGND,li1,63.2500,21.7600,0.000005
_265_,VGND,li1,51.0600,27.2000,0.000006
_264_,VGND,li1,54.5100,43.5200,0.000012
_263_,VGND,li1,65.0900,48.9600,0.000009
_262_,VGND,li1,66.0100,48.9600,0.000009
_261_,VGND,li1,66.9300,54.4000,0.000035
_260_,VGND,li1,65.0900,76.1600,0.000009
_259_,VGND,li1,56.3500,81.6000,0.000007
_258_,VGND,li1,37.9500,81.6000,0.000009
_257_,VGND,li1,35.6500,76.1600,0.000009
_256_,VGND,li1,53.5900,76.1600,0.000008
_255_,VGND,li1,49.4500,81.6000,0.000006
_254_,VGND,li1,50.3700,81.6000,0.000006
_253_,VGND,li1,44.3900,81.6000,0.000008
_252_,VGND,li1,67.8500,81.6000,0.000006
_251_,VGND,li1,66.0100,87.0400,0.000006
_250_,VGND,li1,63.7100,87.0400,0.000006
_249_,VGND,li1,61.4100,81.6000,0.000007
_248_,VGND,li1,56.8100,54.4000,0.000050
_247_,VGND,li1,59.3400,54.4000,0.000046
_246_,VGND,li1,54.5100,59.8400,0.000007
_245_,VGND,li1,47.6100,48.9600,0.000007
_244_,VGND,li1,45.7700,48.9600,0.000008
_243_,VGND,li1,45.3100,48.9600,0.000009
_242_,VGND,li1,35.6500,48.9600,0.000013
_241_,VGND,li1,47.1500,38.0800,0.000036
_240_,VGND,li1,45.7700,38.0800,0.000036
_239_,VGND,li1,44.3900,38.0800,0.000036
_238_,VGND,li1,35.6500,38.0800,0.000033
_237_,VGND,li1,46.2300,21.7600,0.000005
_236_,VGND,li1,49.9100,21.7600,0.000004
_235_,VGND,li1,43.9300,21.7600,0.000006
_234_,VGND,li1,39.3300,21.7600,0.000007
_233_,VGND,li1,65.7800,21.7600,0.000005
_232_,VGND,li1,61.4100,16.3200,0.000020
_231_,VGND,li1,37.9500,59.8400,0.000015
_230_,VGND,li1,48.9900,59.8400,0.000008
_229_,VGND,li1,47.6100,59.8400,0.000008
_228_,VGND,li1,48.0700,81.6000,0.000006
_227_,VGND,li1,64.1700,87.0400,0.000006
_226_,VGND,li1,58.6500,48.9600,0.000008
_225_,VGND,li1,45.7700,54.4000,0.000022
_224_,VGND,li1,45.3100,43.5200,0.000006
_223_,VGND,li1,43.9300,21.7600,0.000006
_222_,VGND,li1,60.9500,21.7600,0.000005
_221_,VGND,li1,35.1900,65.2800,0.000035
_220_,VGND,li1,16.5600,54.4000,0.000009
_219_,VGND,li1,16.5600,59.8400,0.000010
_218_,VGND,li1,16.5600,54.4000,0.000009
_217_,VGND,li1,55.2000,21.7600,0.000005
_216_,VGND,li1,33.5800,16.3200,0.000016
_215_,VGND,li1,19.3200,38.0800,0.000015
_214_,VGND,li1,17.4800,48.9600,0.000009
_213_,VGND,li1,17.0200,65.2800,0.000014
_212_,VGND,li1,54.2800,92.4800,0.000012
_211_,VGND,li1,36.8000,92.4800,0.000012
_210_,VGND,li1,29.9000,87.0400,0.000002
_209_,VGND,li1,47.8400,16.3200,0.000013
_208_,VGND,li1,23.0000,16.3200,0.000008
_207_,VGND,li1,21.1600,32.6400,0.000001
_206_,VGND,li1,18.4000,48.9600,0.000009
_205_,VGND,li1,18.4000,70.7200,0.000009
_204_,VGND,li1,51.5200,92.4800,0.000011
_203_,VGND,li1,39.5600,92.4800,0.000013
_202_,VGND,li1,20.7000,76.1600,0.000006
_201_,VGND,li1,77.7400,32.6400,0.000013
_200_,VGND,li1,76.5900,38.0800,0.000041
_199_,VGND,li1,76.3600,70.7200,0.000028
_198_,VGND,li1,79.5800,27.2000,0.000011
_197_,VGND,li1,74.7500,32.6400,0.000013
_196_,VGND,li1,68.0800,32.6400,0.000011
_195_,VGND,li1,59.5700,32.6400,0.000008
_194_,VGND,li1,58.1900,21.7600,0.000005
_193_,VGND,li1,59.5700,32.6400,0.000008
_192_,VGND,li1,71.5300,32.6400,0.000012
_191_,VGND,li1,71.9900,27.2000,0.000011
_190_,VGND,li1,72.4500,27.2000,0.000011
_189_,VGND,li1,70.1500,27.2000,0.000010
_188_,VGND,li1,73.1400,16.3200,0.000018
_187_,VGND,li1,74.0600,21.7600,0.000003
_186_,VGND,li1,60.7200,27.2000,0.000009
_185_,VGND,li1,51.0600,32.6400,0.000005
_184_,VGND,li1,43.2400,27.2000,0.000004
_183_,VGND,li1,45.0800,32.6400,0.000004
_182_,VGND,li1,39.1000,32.6400,0.000003
_181_,VGND,li1,36.5700,32.6400,0.000003
_180_,VGND,li1,37.4900,27.2000,0.000003
_179_,VGND,li1,53.3600,27.2000,0.000007
_178_,VGND,li1,56.8100,27.2000,0.000008
_177_,VGND,li1,50.8300,27.2000,0.000006
_176_,VGND,li1,46.6900,27.2000,0.000004
_175_,VGND,li1,65.7800,38.0800,0.000063
_174_,VGND,li1,56.5800,43.5200,0.000014
_173_,VGND,li1,55.2000,38.0800,0.000057
_172_,VGND,li1,54.5100,32.6400,0.000006
_171_,VGND,li1,38.6400,43.5200,0.000006
_170_,VGND,li1,36.5700,43.5200,0.000005
_169_,VGND,li1,34.2700,38.0800,0.000033
_168_,VGND,li1,57.5000,43.5200,0.000014
_167_,VGND,li1,68.0800,43.5200,0.000019
_166_,VGND,li1,65.5500,43.5200,0.000019
_165_,VGND,li1,54.9700,48.9600,0.000008
_164_,VGND,li1,51.5200,48.9600,0.000008
_163_,VGND,li1,41.4000,48.9600,0.000010
_162_,VGND,li1,39.3300,54.4000,0.000021
_161_,VGND,li1,34.2700,48.9600,0.000013
_160_,VGND,li1,63.2500,48.9600,0.000009
_159_,VGND,li1,72.6800,48.9600,0.000008
_158_,VGND,li1,73.3700,59.8400,0.000005
_157_,VGND,li1,65.7800,59.8400,0.000006
_156_,VGND,li1,66.2400,59.8400,0.000006
_155_,VGND,li1,58.8800,65.2800,0.000014
_154_,VGND,li1,54.0500,65.2800,0.000016
_153_,VGND,li1,58.1900,65.2800,0.000014
_152_,VGND,li1,70.1500,54.4000,0.000031
_151_,VGND,li1,70.1500,59.8400,0.000005
_150_,VGND,li1,71.5300,70.7200,0.000034
_149_,VGND,li1,67.8500,70.7200,0.000040
_148_,VGND,li1,66.7000,70.7200,0.000040
_147_,VGND,li1,59.3400,70.7200,0.000048
